"","Fiscal.Year","Competition.sum","SubCustomer.component","ATLpolicy","Obligation.2014"
"1",2007-09-30,"1 Offer","Army","YOUNG",4.82200250204288
"2",2007-09-30,"1 Offer","Navy","YOUNG",1.88483198865192
"3",2007-09-30,"1 Offer","Air Force","YOUNG",1.33582693301156
"4",2007-09-30,"1 Offer","DLA","YOUNG",0.348267872443596
"5",2007-09-30,"1 Offer","MDA","YOUNG",0.00861343360646537
"6",2007-09-30,"1 Offer","Military
Health","YOUNG",0.000180311303176563
"7",2007-09-30,"1 Offer","Additional
DoD
Components","YOUNG",0.491151231339095
"8",2007-09-30,"2 Offers","Army","YOUNG",3.72946532937479
"9",2007-09-30,"2 Offers","Navy","YOUNG",1.57489112902683
"10",2007-09-30,"2 Offers","Air Force","YOUNG",1.45262434348412
"11",2007-09-30,"2 Offers","DLA","YOUNG",1.31120648290493
"12",2007-09-30,"2 Offers","MDA","YOUNG",0.000431021438994275
"13",2007-09-30,"2 Offers","Military
Health","YOUNG",0
"14",2007-09-30,"2 Offers","Additional
DoD
Components","YOUNG",0.214606337512628
"15",2007-09-30,"3+ Offers","Army","YOUNG",9.6503828745426
"16",2007-09-30,"3+ Offers","Navy","YOUNG",5.64912697619037
"17",2007-09-30,"3+ Offers","Air Force","YOUNG",3.60527134421372
"18",2007-09-30,"3+ Offers","DLA","YOUNG",4.51369423894938
"19",2007-09-30,"3+ Offers","MDA","YOUNG",0.011956692311146
"20",2007-09-30,"3+ Offers","Military
Health","YOUNG",0.000913023459423055
"21",2007-09-30,"3+ Offers","Additional
DoD
Components","YOUNG",0.692885128488046
"22",2007-09-30,"No Comp.","Army","YOUNG",6.75512261352565
"23",2007-09-30,"No Comp.","Navy","YOUNG",4.15663669878774
"24",2007-09-30,"No Comp.","Air Force","YOUNG",4.12651572902683
"25",2007-09-30,"No Comp.","DLA","YOUNG",0.478412760253676
"26",2007-09-30,"No Comp.","MDA","YOUNG",0.011136080368167
"27",2007-09-30,"No Comp.","Military
Health","YOUNG",7.81051520933887e-05
"28",2007-09-30,"No Comp.","Additional
DoD
Components","YOUNG",0.524202642440229
"29",2007-09-30,"Unlabeled","Army","YOUNG",0.0598603615220563
"30",2007-09-30,"Unlabeled","Navy","YOUNG",0.0761397199012235
"31",2007-09-30,"Unlabeled","Air Force","YOUNG",0.0275729967448647
"32",2007-09-30,"Unlabeled","DLA","YOUNG",0.0220748644404535
"33",2007-09-30,"Unlabeled","MDA","YOUNG",1.59613873610955e-05
"34",2007-09-30,"Unlabeled","Additional
DoD
Components","YOUNG",0.00208089238971826
"35",2008-09-30,"1 Offer","Army","YOUNG",18.5855545895445
"36",2008-09-30,"1 Offer","Navy","YOUNG",6.7603596181128
"37",2008-09-30,"1 Offer","Air Force","YOUNG",4.1166988405423
"38",2008-09-30,"1 Offer","DLA","YOUNG",2.15465062199566
"39",2008-09-30,"1 Offer","MDA","YOUNG",0.246443858926247
"40",2008-09-30,"1 Offer","Military
Health","YOUNG",0.00449116962039046
"41",2008-09-30,"1 Offer","Additional
DoD
Components","YOUNG",2.20077223660521
"42",2008-09-30,"2 Offers","Army","YOUNG",13.4817138448698
"43",2008-09-30,"2 Offers","Navy","YOUNG",6.19479959805857
"44",2008-09-30,"2 Offers","Air Force","YOUNG",5.07309931761388
"45",2008-09-30,"2 Offers","DLA","YOUNG",6.69928440281996
"46",2008-09-30,"2 Offers","MDA","YOUNG",0.0237649621149675
"47",2008-09-30,"2 Offers","Military
Health","YOUNG",0.0347297652603037
"48",2008-09-30,"2 Offers","Additional
DoD
Components","YOUNG",1.23676317636659
"49",2008-09-30,"3+ Offers","Army","YOUNG",35.9925835504664
"50",2008-09-30,"3+ Offers","Navy","YOUNG",21.9813181279696
"51",2008-09-30,"3+ Offers","Air Force","YOUNG",10.5161801743492
"52",2008-09-30,"3+ Offers","DLA","YOUNG",23.2727407785249
"53",2008-09-30,"3+ Offers","MDA","YOUNG",0.0917880013015184
"54",2008-09-30,"3+ Offers","Military
Health","YOUNG",0.350713636507592
"55",2008-09-30,"3+ Offers","Additional
DoD
Components","YOUNG",5.27638687105206
"56",2008-09-30,"No Comp.","Army","YOUNG",42.3241418848156
"57",2008-09-30,"No Comp.","Navy","YOUNG",21.2525900874837
"58",2008-09-30,"No Comp.","Air Force","YOUNG",15.2562038632646
"59",2008-09-30,"No Comp.","DLA","YOUNG",5.18709858645336
"60",2008-09-30,"No Comp.","MDA","YOUNG",0.394058714750542
"61",2008-09-30,"No Comp.","Military
Health","YOUNG",0.000849878752711497
"62",2008-09-30,"No Comp.","Additional
DoD
Components","YOUNG",2.17511609678959
"63",2008-09-30,"Unlabeled","Army","YOUNG",1.38690544236443
"64",2008-09-30,"Unlabeled","Navy","YOUNG",0.697035823036876
"65",2008-09-30,"Unlabeled","Air Force","YOUNG",0.322895954804772
"66",2008-09-30,"Unlabeled","DLA","YOUNG",0.0718819217462039
"67",2008-09-30,"Unlabeled","MDA","YOUNG",0.0130704659219089
"68",2008-09-30,"Unlabeled","Military
Health","YOUNG",0.000215403481561822
"69",2008-09-30,"Unlabeled","Additional
DoD
Components","YOUNG",0.281672652646421
"70",2009-04-26,"1 Offer","Army","YOUNG",7.19335450678718
"71",2009-04-26,"1 Offer","Navy","YOUNG",4.36953519819225
"72",2009-04-26,"1 Offer","Air Force","YOUNG",1.8670703335354
"73",2009-04-26,"1 Offer","DLA","YOUNG",1.47520325612687
"74",2009-04-26,"1 Offer","MDA","YOUNG",0.21279367667244
"75",2009-04-26,"1 Offer","Military
Health","YOUNG",0.00121137205022732
"76",2009-04-26,"1 Offer","Additional
DoD
Components","YOUNG",1.26906027176878
"77",2009-04-26,"2 Offers","Army","YOUNG",6.18769671540377
"78",2009-04-26,"2 Offers","Navy","YOUNG",3.62116613479108
"79",2009-04-26,"2 Offers","Air Force","YOUNG",2.58138339511799
"80",2009-04-26,"2 Offers","DLA","YOUNG",2.33899096490582
"81",2009-04-26,"2 Offers","MDA","YOUNG",0.00620271445117991
"82",2009-04-26,"2 Offers","Military
Health","YOUNG",0.0832911248971639
"83",2009-04-26,"2 Offers","Additional
DoD
Components","YOUNG",1.09508970604027
"84",2009-04-26,"3+ Offers","Army","YOUNG",19.4393928721044
"85",2009-04-26,"3+ Offers","Navy","YOUNG",8.14335248914267
"86",2009-04-26,"3+ Offers","Air Force","YOUNG",6.15588415710143
"87",2009-04-26,"3+ Offers","DLA","YOUNG",17.2799486110305
"88",2009-04-26,"3+ Offers","MDA","YOUNG",0.577362096969041
"89",2009-04-26,"3+ Offers","Military
Health","YOUNG",0.360318441242693
"90",2009-04-26,"3+ Offers","Additional
DoD
Components","YOUNG",4.16022793971639
"91",2009-04-26,"No Comp.","Army","YOUNG",22.6918552338168
"92",2009-04-26,"No Comp.","Navy","YOUNG",18.7513991611821
"93",2009-04-26,"No Comp.","Air Force","YOUNG",14.3013404539511
"94",2009-04-26,"No Comp.","DLA","YOUNG",1.77481781120372
"95",2009-04-26,"No Comp.","MDA","YOUNG",0.560230937919463
"96",2009-04-26,"No Comp.","Military
Health","YOUNG",0.713673498711842
"97",2009-04-26,"No Comp.","Additional
DoD
Components","YOUNG",1.45166856903009
"98",2009-04-26,"Unlabeled","Army","YOUNG",0.573355241610738
"99",2009-04-26,"Unlabeled","Navy","YOUNG",0.312165773295086
"100",2009-04-26,"Unlabeled","Air Force","YOUNG",0.0935883917622862
"101",2009-04-26,"Unlabeled","DLA","YOUNG",0.0347150100887638
"102",2009-04-26,"Unlabeled","MDA","YOUNG",0.015054344295302
"103",2009-04-26,"Unlabeled","Military
Health","YOUNG",0
"104",2009-04-26,"Unlabeled","Additional
DoD
Components","YOUNG",0.104084812643429
"105",2009-09-30,"1 Offer","Army","YOUNG",2.39014157160641
"106",2009-09-30,"1 Offer","Army","CARTER
pre-BBP",7.67416319709894
"107",2009-09-30,"1 Offer","Navy","YOUNG",1.82580918658801
"108",2009-09-30,"1 Offer","Navy","CARTER
pre-BBP",2.71914589931803
"109",2009-09-30,"1 Offer","Air Force","YOUNG",0.694273241318467
"110",2009-09-30,"1 Offer","Air Force","CARTER
pre-BBP",1.70208915747997
"111",2009-09-30,"1 Offer","DLA","YOUNG",0.0742388524139424
"112",2009-09-30,"1 Offer","DLA","CARTER
pre-BBP",1.55674047090279
"113",2009-09-30,"1 Offer","MDA","YOUNG",0.141945876261095
"114",2009-09-30,"1 Offer","MDA","CARTER
pre-BBP",0.0277811843364365
"115",2009-09-30,"1 Offer","Military
Health","CARTER
pre-BBP",0.00454137591470015
"116",2009-09-30,"1 Offer","Additional
DoD
Components","YOUNG",0.192423695680883
"117",2009-09-30,"1 Offer","Additional
DoD
Components","CARTER
pre-BBP",0.872805616226456
"118",2009-09-30,"2 Offers","Army","YOUNG",3.84755046957134
"119",2009-09-30,"2 Offers","Army","CARTER
pre-BBP",6.34756811446201
"120",2009-09-30,"2 Offers","Navy","YOUNG",1.03074765645161
"121",2009-09-30,"2 Offers","Navy","CARTER
pre-BBP",2.19519655707945
"122",2009-09-30,"2 Offers","Air Force","YOUNG",1.0488641145053
"123",2009-09-30,"2 Offers","Air Force","CARTER
pre-BBP",2.13466067289457
"124",2009-09-30,"2 Offers","DLA","YOUNG",0.056550537702966
"125",2009-09-30,"2 Offers","DLA","CARTER
pre-BBP",1.79038805075774
"126",2009-09-30,"2 Offers","MDA","YOUNG",0.00345111355271704
"127",2009-09-30,"2 Offers","MDA","CARTER
pre-BBP",7.25514938298333e-05
"128",2009-09-30,"2 Offers","Military
Health","YOUNG",0.00316789017103269
"129",2009-09-30,"2 Offers","Military
Health","CARTER
pre-BBP",0.0273511279064733
"130",2009-09-30,"2 Offers","Additional
DoD
Components","YOUNG",0.183452515089846
"131",2009-09-30,"2 Offers","Additional
DoD
Components","CARTER
pre-BBP",1.03265449871184
"132",2009-09-30,"3+ Offers","Army","YOUNG",6.80994879303962
"133",2009-09-30,"3+ Offers","Army","CARTER
pre-BBP",24.5503619624378
"134",2009-09-30,"3+ Offers","Navy","YOUNG",2.39984749305044
"135",2009-09-30,"3+ Offers","Navy","CARTER
pre-BBP",10.2954345706322
"136",2009-09-30,"3+ Offers","Air Force","YOUNG",1.64830019558346
"137",2009-09-30,"3+ Offers","Air Force","CARTER
pre-BBP",4.93502865611604
"138",2009-09-30,"3+ Offers","DLA","YOUNG",0.144406406830483
"139",2009-09-30,"3+ Offers","DLA","CARTER
pre-BBP",10.07027284252
"140",2009-09-30,"3+ Offers","MDA","YOUNG",0.30502840887638
"141",2009-09-30,"3+ Offers","MDA","CARTER
pre-BBP",0.0356539083784369
"142",2009-09-30,"3+ Offers","Military
Health","YOUNG",0.0514601101104135
"143",2009-09-30,"3+ Offers","Military
Health","CARTER
pre-BBP",0.000617892303528902
"144",2009-09-30,"3+ Offers","Additional
DoD
Components","YOUNG",0.479745762751678
"145",2009-09-30,"3+ Offers","Additional
DoD
Components","CARTER
pre-BBP",2.23283323741069
"146",2009-09-30,"No Comp.","Army","YOUNG",5.62937084535614
"147",2009-09-30,"No Comp.","Army","CARTER
pre-BBP",13.9123747868153
"148",2009-09-30,"No Comp.","Navy","YOUNG",5.7244681982139
"149",2009-09-30,"No Comp.","Navy","CARTER
pre-BBP",7.06149287910803
"150",2009-09-30,"No Comp.","Air Force","YOUNG",4.02559415642996
"151",2009-09-30,"No Comp.","Air Force","CARTER
pre-BBP",7.40947286597748
"152",2009-09-30,"No Comp.","DLA","YOUNG",0.0983326733383849
"153",2009-09-30,"No Comp.","DLA","CARTER
pre-BBP",3.58329722929205
"154",2009-09-30,"No Comp.","MDA","YOUNG",0.266786818369777
"155",2009-09-30,"No Comp.","MDA","CARTER
pre-BBP",0.00642335292271054
"156",2009-09-30,"No Comp.","Military
Health","YOUNG",0.346303462654254
"157",2009-09-30,"No Comp.","Military
Health","CARTER
pre-BBP",7.87330266291405e-05
"158",2009-09-30,"No Comp.","Additional
DoD
Components","YOUNG",0.196875410554233
"159",2009-09-30,"No Comp.","Additional
DoD
Components","CARTER
pre-BBP",1.01886136074908
"160",2009-09-30,"Unlabeled","Army","YOUNG",0.207596968651223
"161",2009-09-30,"Unlabeled","Army","CARTER
pre-BBP",0.428150260478459
"162",2009-09-30,"Unlabeled","Navy","YOUNG",0.0195661842065382
"163",2009-09-30,"Unlabeled","Navy","CARTER
pre-BBP",0.131412109331024
"164",2009-09-30,"Unlabeled","Air Force","YOUNG",0.0188440717471314
"165",2009-09-30,"Unlabeled","Air Force","CARTER
pre-BBP",0.161732003225806
"166",2009-09-30,"Unlabeled","DLA","YOUNG",0.000245277830699286
"167",2009-09-30,"Unlabeled","DLA","CARTER
pre-BBP",0.0127583434942628
"168",2009-09-30,"Unlabeled","MDA","YOUNG",0.0039626520891968
"169",2009-09-30,"Unlabeled","MDA","CARTER
pre-BBP",1.55027495128816e-05
"170",2009-09-30,"Unlabeled","Additional
DoD
Components","YOUNG",0.025370184000866
"171",2009-09-30,"Unlabeled","Additional
DoD
Components","CARTER
pre-BBP",0.0248070216497077
"172",2010-09-30,"1 Offer","Army","YOUNG",3.16986709983954
"173",2010-09-30,"1 Offer","Army","CARTER
pre-BBP",15.7495759110933
"174",2010-09-30,"1 Offer","Navy","YOUNG",2.53405308730081
"175",2010-09-30,"1 Offer","Navy","CARTER
pre-BBP",6.88142755668496
"176",2010-09-30,"1 Offer","Air Force","YOUNG",0.88042893787976
"177",2010-09-30,"1 Offer","Air Force","CARTER
pre-BBP",3.20725400146555
"178",2010-09-30,"1 Offer","DLA","YOUNG",0.0786978484167736
"179",2010-09-30,"1 Offer","DLA","CARTER
pre-BBP",3.44692798002781
"180",2010-09-30,"1 Offer","MDA","YOUNG",0.264262334167736
"181",2010-09-30,"1 Offer","MDA","CARTER
pre-BBP",0.307612806771502
"182",2010-09-30,"1 Offer","Military
Health","YOUNG",0
"183",2010-09-30,"1 Offer","Military
Health","CARTER
pre-BBP",0.00351603192126658
"184",2010-09-30,"1 Offer","Additional
DoD
Components","YOUNG",0.368288928872486
"185",2010-09-30,"1 Offer","Additional
DoD
Components","CARTER
pre-BBP",2.42082369418057
"186",2010-09-30,"2 Offers","Army","YOUNG",4.07584761213094
"187",2010-09-30,"2 Offers","Army","CARTER
pre-BBP",10.2364702247219
"188",2010-09-30,"2 Offers","Navy","YOUNG",2.45190597885109
"189",2010-09-30,"2 Offers","Navy","CARTER
pre-BBP",5.32987253992298
"190",2010-09-30,"2 Offers","Air Force","YOUNG",1.50872953292683
"191",2010-09-30,"2 Offers","Air Force","CARTER
pre-BBP",4.85022523569748
"192",2010-09-30,"2 Offers","DLA","YOUNG",0.0977464275353017
"193",2010-09-30,"2 Offers","DLA","CARTER
pre-BBP",4.6179340504065
"194",2010-09-30,"2 Offers","MDA","YOUNG",0.00176847851946941
"195",2010-09-30,"2 Offers","MDA","CARTER
pre-BBP",0.00438519262943945
"196",2010-09-30,"2 Offers","Military
Health","YOUNG",0.0250569300385109
"197",2010-09-30,"2 Offers","Military
Health","CARTER
pre-BBP",0.179186953936671
"198",2010-09-30,"2 Offers","Additional
DoD
Components","YOUNG",0.460850994234061
"199",2010-09-30,"2 Offers","Additional
DoD
Components","CARTER
pre-BBP",2.15886087011125
"200",2010-09-30,"3+ Offers","Army","YOUNG",8.9689567682178
"201",2010-09-30,"3+ Offers","Army","CARTER
pre-BBP",44.9945879529314
"202",2010-09-30,"3+ Offers","Navy","YOUNG",4.20200788327985
"203",2010-09-30,"3+ Offers","Navy","CARTER
pre-BBP",17.6396796684318
"204",2010-09-30,"3+ Offers","Air Force","YOUNG",3.4552509754172
"205",2010-09-30,"3+ Offers","Air Force","CARTER
pre-BBP",9.01291464587077
"206",2010-09-30,"3+ Offers","DLA","YOUNG",0.631110959231921
"207",2010-09-30,"3+ Offers","DLA","CARTER
pre-BBP",19.8550346279953
"208",2010-09-30,"3+ Offers","MDA","YOUNG",0.903441890746684
"209",2010-09-30,"3+ Offers","MDA","CARTER
pre-BBP",0.135457821074027
"210",2010-09-30,"3+ Offers","Military
Health","YOUNG",0.50595714241549
"211",2010-09-30,"3+ Offers","Military
Health","CARTER
pre-BBP",0.41691533025246
"212",2010-09-30,"3+ Offers","Additional
DoD
Components","YOUNG",1.0830983127193
"213",2010-09-30,"3+ Offers","Additional
DoD
Components","CARTER
pre-BBP",7.60749599945443
"214",2010-09-30,"No Comp.","Army","YOUNG",10.3030357292683
"215",2010-09-30,"No Comp.","Army","CARTER
pre-BBP",32.990668088757
"216",2010-09-30,"No Comp.","Navy","YOUNG",11.3925462043432
"217",2010-09-30,"No Comp.","Navy","CARTER
pre-BBP",22.7234080692341
"218",2010-09-30,"No Comp.","Air Force","YOUNG",8.61290001019469
"219",2010-09-30,"No Comp.","Air Force","CARTER
pre-BBP",19.9048773384574
"220",2010-09-30,"No Comp.","DLA","YOUNG",0.344692860772358
"221",2010-09-30,"No Comp.","DLA","CARTER
pre-BBP",7.79131564548567
"222",2010-09-30,"No Comp.","MDA","YOUNG",0.79664029474754
"223",2010-09-30,"No Comp.","MDA","CARTER
pre-BBP",0.639414895870774
"224",2010-09-30,"No Comp.","Military
Health","YOUNG",1.11641550287762
"225",2010-09-30,"No Comp.","Military
Health","CARTER
pre-BBP",0.000901739356011981
"226",2010-09-30,"No Comp.","Additional
DoD
Components","YOUNG",0.306210930744544
"227",2010-09-30,"No Comp.","Additional
DoD
Components","CARTER
pre-BBP",2.60027877815576
"228",2010-09-30,"Unlabeled","Army","YOUNG",0.156004283953787
"229",2010-09-30,"Unlabeled","Army","CARTER
pre-BBP",2.3754552623021
"230",2010-09-30,"Unlabeled","Navy","YOUNG",0.041644582809157
"231",2010-09-30,"Unlabeled","Navy","CARTER
pre-BBP",0.228258077888318
"232",2010-09-30,"Unlabeled","Air Force","YOUNG",0.0105267309798887
"233",2010-09-30,"Unlabeled","Air Force","CARTER
pre-BBP",0.188139441409927
"234",2010-09-30,"Unlabeled","DLA","YOUNG",0.00741463674582798
"235",2010-09-30,"Unlabeled","DLA","CARTER
pre-BBP",0.0324704655541292
"236",2010-09-30,"Unlabeled","MDA","YOUNG",0.0105611575203252
"237",2010-09-30,"Unlabeled","MDA","CARTER
pre-BBP",5.82618741976894e-06
"238",2010-09-30,"Unlabeled","Military
Health","CARTER
pre-BBP",0
"239",2010-09-30,"Unlabeled","Additional
DoD
Components","YOUNG",0.019230632809157
"240",2010-09-30,"Unlabeled","Additional
DoD
Components","CARTER
pre-BBP",0.025020442821994
"241",2010-11-02,"1 Offer","Army","CARTER
pre-BBP",1.58724104779689
"242",2010-11-02,"1 Offer","Navy","CARTER
pre-BBP",0.437786231745699
"243",2010-11-02,"1 Offer","Air Force","CARTER
pre-BBP",0.323528801783466
"244",2010-11-02,"1 Offer","DLA","CARTER
pre-BBP",0.330763650052455
"245",2010-11-02,"1 Offer","MDA","CARTER
pre-BBP",0.0111206285879144
"246",2010-11-02,"1 Offer","Military
Health","CARTER
pre-BBP",0
"247",2010-11-02,"1 Offer","Additional
DoD
Components","CARTER
pre-BBP",0.0777109610469996
"248",2010-11-02,"2 Offers","Army","CARTER
pre-BBP",0.46417060472094
"249",2010-11-02,"2 Offers","Navy","CARTER
pre-BBP",0.256470457868233
"250",2010-11-02,"2 Offers","Air Force","CARTER
pre-BBP",0.490448999832144
"251",2010-11-02,"2 Offers","DLA","CARTER
pre-BBP",0.480615620237096
"252",2010-11-02,"2 Offers","MDA","CARTER
pre-BBP",0.000166070677717163
"253",2010-11-02,"2 Offers","Military
Health","CARTER
pre-BBP",0.0678642119177507
"254",2010-11-02,"2 Offers","Additional
DoD
Components","CARTER
pre-BBP",0.318962241974402
"255",2010-11-02,"3+ Offers","Army","CARTER
pre-BBP",2.07128334304448
"256",2010-11-02,"3+ Offers","Navy","CARTER
pre-BBP",1.2586335520877
"257",2010-11-02,"3+ Offers","Air Force","CARTER
pre-BBP",0.963115824013848
"258",2010-11-02,"3+ Offers","DLA","CARTER
pre-BBP",1.6717717540705
"259",2010-11-02,"3+ Offers","MDA","CARTER
pre-BBP",0.0117508143726395
"260",2010-11-02,"3+ Offers","Military
Health","CARTER
pre-BBP",0.0818181251363827
"261",2010-11-02,"3+ Offers","Additional
DoD
Components","CARTER
pre-BBP",1.19018374215275
"262",2010-11-02,"No Comp.","Army","CARTER
pre-BBP",1.61808920554973
"263",2010-11-02,"No Comp.","Navy","CARTER
pre-BBP",2.44254990412295
"264",2010-11-02,"No Comp.","Air Force","CARTER
pre-BBP",2.5777543482585
"265",2010-11-02,"No Comp.","DLA","CARTER
pre-BBP",0.382934814750315
"266",2010-11-02,"No Comp.","MDA","CARTER
pre-BBP",0.0808763237935376
"267",2010-11-02,"No Comp.","Military
Health","CARTER
pre-BBP",2.62274443978179e-06
"268",2010-11-02,"No Comp.","Additional
DoD
Components","CARTER
pre-BBP",0.169465437064624
"269",2010-11-02,"Unlabeled","Army","CARTER
pre-BBP",0.0347789427822073
"270",2010-11-02,"Unlabeled","Navy","CARTER
pre-BBP",0.00560817155895929
"271",2010-11-02,"Unlabeled","Air Force","CARTER
pre-BBP",0.0179387628829207
"272",2010-11-02,"Unlabeled","DLA","CARTER
pre-BBP",0.0008047934431389
"273",2010-11-02,"Unlabeled","MDA","CARTER
pre-BBP",0
"274",2010-11-02,"Unlabeled","Additional
DoD
Components","CARTER
pre-BBP",0.00144310283256399
"275",2011-09-30,"1 Offer","Army","YOUNG",1.34926471447755
"276",2011-09-30,"1 Offer","Army","CARTER
pre-BBP",3.54903683346622
"277",2011-09-30,"1 Offer","Army","BBP1",10.0046667585397
"278",2011-09-30,"1 Offer","Navy","YOUNG",2.34493592123374
"279",2011-09-30,"1 Offer","Navy","CARTER
pre-BBP",2.60291333783047
"280",2011-09-30,"1 Offer","Navy","BBP1",4.7270770984893
"281",2011-09-30,"1 Offer","Air Force","YOUNG",0.565393483864876
"282",2011-09-30,"1 Offer","Air Force","CARTER
pre-BBP",1.004758946517
"283",2011-09-30,"1 Offer","Air Force","BBP1",1.93729131961813
"284",2011-09-30,"1 Offer","DLA","YOUNG",0.0347657817247167
"285",2011-09-30,"1 Offer","DLA","CARTER
pre-BBP",0.0973907314519513
"286",2011-09-30,"1 Offer","DLA","BBP1",2.56787930246538
"287",2011-09-30,"1 Offer","MDA","YOUNG",0.0194312035564415
"288",2011-09-30,"1 Offer","MDA","CARTER
pre-BBP",0.193868804269828
"289",2011-09-30,"1 Offer","MDA","BBP1",0.165310973331935
"290",2011-09-30,"1 Offer","Military
Health","YOUNG",0.00212606020772136
"291",2011-09-30,"1 Offer","Military
Health","CARTER
pre-BBP",-0.000411293999160722
"292",2011-09-30,"1 Offer","Military
Health","BBP1",0.00113855792068821
"293",2011-09-30,"1 Offer","Additional
DoD
Components","YOUNG",0.171385318925724
"294",2011-09-30,"1 Offer","Additional
DoD
Components","CARTER
pre-BBP",0.658933163806127
"295",2011-09-30,"1 Offer","Additional
DoD
Components","BBP1",1.74529588160932
"296",2011-09-30,"2 Offers","Army","YOUNG",2.21484328556441
"297",2011-09-30,"2 Offers","Army","CARTER
pre-BBP",3.20959669101972
"298",2011-09-30,"2 Offers","Army","BBP1",7.53259705830885
"299",2011-09-30,"2 Offers","Navy","YOUNG",1.91947547525178
"300",2011-09-30,"2 Offers","Navy","CARTER
pre-BBP",1.99463404779689
"301",2011-09-30,"2 Offers","Navy","BBP1",7.43513324424045
"302",2011-09-30,"2 Offers","Air Force","YOUNG",1.10242855554973
"303",2011-09-30,"2 Offers","Air Force","CARTER
pre-BBP",2.25706756875787
"304",2011-09-30,"2 Offers","Air Force","BBP1",3.68691480153168
"305",2011-09-30,"2 Offers","DLA","YOUNG",0.067335020268569
"306",2011-09-30,"2 Offers","DLA","CARTER
pre-BBP",0.107785062494755
"307",2011-09-30,"2 Offers","DLA","BBP1",3.51350502994125
"308",2011-09-30,"2 Offers","MDA","YOUNG",0.00148613634074696
"309",2011-09-30,"2 Offers","MDA","CARTER
pre-BBP",0.000289207931179186
"310",2011-09-30,"2 Offers","MDA","BBP1",0.0142404602182123
"311",2011-09-30,"2 Offers","Military
Health","YOUNG",-0.00337181723667646
"312",2011-09-30,"2 Offers","Military
Health","CARTER
pre-BBP",1.21582304263533
"313",2011-09-30,"2 Offers","Military
Health","BBP1",0.036089310858162
"314",2011-09-30,"2 Offers","Additional
DoD
Components","YOUNG",0.308181225828787
"315",2011-09-30,"2 Offers","Additional
DoD
Components","CARTER
pre-BBP",0.715766857983634
"316",2011-09-30,"2 Offers","Additional
DoD
Components","BBP1",1.68069549453945
"317",2011-09-30,"3+ Offers","Army","YOUNG",4.36116935096517
"318",2011-09-30,"3+ Offers","Army","CARTER
pre-BBP",11.8618682445657
"319",2011-09-30,"3+ Offers","Army","BBP1",29.4201280914918
"320",2011-09-30,"3+ Offers","Navy","YOUNG",3.83260038091691
"321",2011-09-30,"3+ Offers","Navy","CARTER
pre-BBP",4.77663057492656
"322",2011-09-30,"3+ Offers","Navy","BBP1",13.0490783225871
"323",2011-09-30,"3+ Offers","Air Force","YOUNG",2.31729404354805
"324",2011-09-30,"3+ Offers","Air Force","CARTER
pre-BBP",1.81500875532942
"325",2011-09-30,"3+ Offers","Air Force","BBP1",7.28120514765002
"326",2011-09-30,"3+ Offers","DLA","YOUNG",0.271622189509022
"327",2011-09-30,"3+ Offers","DLA","CARTER
pre-BBP",0.678221080266471
"328",2011-09-30,"3+ Offers","DLA","BBP1",20.7112887452686
"329",2011-09-30,"3+ Offers","MDA","YOUNG",0.913088424706253
"330",2011-09-30,"3+ Offers","MDA","CARTER
pre-BBP",0.099697972167436
"331",2011-09-30,"3+ Offers","MDA","BBP1",0.37746794646454
"332",2011-09-30,"3+ Offers","Military
Health","YOUNG",0.677018711938733
"333",2011-09-30,"3+ Offers","Military
Health","CARTER
pre-BBP",0.0990075738774654
"334",2011-09-30,"3+ Offers","Military
Health","BBP1",0.294529884903483
"335",2011-09-30,"3+ Offers","Additional
DoD
Components","YOUNG",0.754603469964331
"336",2011-09-30,"3+ Offers","Additional
DoD
Components","CARTER
pre-BBP",1.82923832074066
"337",2011-09-30,"3+ Offers","Additional
DoD
Components","BBP1",8.88390365586446
"338",2011-09-30,"No Comp.","Army","YOUNG",8.71028229060008
"339",2011-09-30,"No Comp.","Army","CARTER
pre-BBP",7.31736980757449
"340",2011-09-30,"No Comp.","Army","BBP1",24.6912192582669
"341",2011-09-30,"No Comp.","Navy","YOUNG",15.4810962299622
"342",2011-09-30,"No Comp.","Navy","CARTER
pre-BBP",7.73649134400965
"343",2011-09-30,"No Comp.","Navy","BBP1",19.3199325633026
"344",2011-09-30,"No Comp.","Air Force","YOUNG",4.30589788359211
"345",2011-09-30,"No Comp.","Air Force","CARTER
pre-BBP",6.28262356899916
"346",2011-09-30,"No Comp.","Air Force","BBP1",16.7881376709715
"347",2011-09-30,"No Comp.","DLA","YOUNG",0.23502660730172
"348",2011-09-30,"No Comp.","DLA","CARTER
pre-BBP",0.1439639597671
"349",2011-09-30,"No Comp.","DLA","BBP1",5.8486083583718
"350",2011-09-30,"No Comp.","MDA","YOUNG",0.134533080969366
"351",2011-09-30,"No Comp.","MDA","CARTER
pre-BBP",0.946287454930759
"352",2011-09-30,"No Comp.","MDA","BBP1",0.340653179427193
"353",2011-09-30,"No Comp.","Military
Health","YOUNG",1.19984792726605
"354",2011-09-30,"No Comp.","Military
Health","CARTER
pre-BBP",0.000310387798992866
"355",2011-09-30,"No Comp.","Military
Health","BBP1",0.00829960843474612
"356",2011-09-30,"No Comp.","Additional
DoD
Components","YOUNG",0.233912619775493
"357",2011-09-30,"No Comp.","Additional
DoD
Components","CARTER
pre-BBP",0.135208395688208
"358",2011-09-30,"No Comp.","Additional
DoD
Components","BBP1",2.18007741644985
"359",2011-09-30,"Unlabeled","Army","YOUNG",0.0984427412085606
"360",2011-09-30,"Unlabeled","Army","CARTER
pre-BBP",0.36315021545321
"361",2011-09-30,"Unlabeled","Army","BBP1",1.14426186361729
"362",2011-09-30,"Unlabeled","Navy","YOUNG",0.0153203199538397
"363",2011-09-30,"Unlabeled","Navy","CARTER
pre-BBP",0.0441305857217793
"364",2011-09-30,"Unlabeled","Navy","BBP1",0.186211702014268
"365",2011-09-30,"Unlabeled","Air Force","YOUNG",0.00277829890893831
"366",2011-09-30,"Unlabeled","Air Force","CARTER
pre-BBP",0.0314568094838439
"367",2011-09-30,"Unlabeled","Air Force","BBP1",0.144408538176668
"368",2011-09-30,"Unlabeled","DLA","YOUNG",0.00014138642467478
"369",2011-09-30,"Unlabeled","DLA","CARTER
pre-BBP",5.92216743600504e-06
"370",2011-09-30,"Unlabeled","DLA","BBP1",0.242579167121276
"371",2011-09-30,"Unlabeled","MDA","YOUNG",0.00172115190935795
"372",2011-09-30,"Unlabeled","MDA","CARTER
pre-BBP",0
"373",2011-09-30,"Unlabeled","MDA","BBP1",0.000508812421317667
"374",2011-09-30,"Unlabeled","Military
Health","YOUNG",-1.31472933277381e-07
"375",2011-09-30,"Unlabeled","Military
Health","BBP1",0
"376",2011-09-30,"Unlabeled","Additional
DoD
Components","YOUNG",0.0155269631032312
"377",2011-09-30,"Unlabeled","Additional
DoD
Components","CARTER
pre-BBP",0.0100377
"378",2011-09-30,"Unlabeled","Additional
DoD
Components","BBP1",0.0274029699958036
"379",2012-09-30,"1 Offer","Army","YOUNG",0.615143773164453
"380",2012-09-30,"1 Offer","Army","CARTER
pre-BBP",1.60023676709917
"381",2012-09-30,"1 Offer","Army","BBP1",8.90944666773762
"382",2012-09-30,"1 Offer","Navy","YOUNG",1.73340798000206
"383",2012-09-30,"1 Offer","Navy","CARTER
pre-BBP",1.42029891462259
"384",2012-09-30,"1 Offer","Navy","BBP1",5.55805653625785
"385",2012-09-30,"1 Offer","Air Force","YOUNG",0.324049368437854
"386",2012-09-30,"1 Offer","Air Force","CARTER
pre-BBP",0.807246418031099
"387",2012-09-30,"1 Offer","Air Force","BBP1",2.40068473024405
"388",2012-09-30,"1 Offer","DLA","YOUNG",0.0186476780661106
"389",2012-09-30,"1 Offer","DLA","CARTER
pre-BBP",0.0629692981670271
"390",2012-09-30,"1 Offer","DLA","BBP1",2.82629592529091
"391",2012-09-30,"1 Offer","MDA","YOUNG",-0.00052670577695397
"392",2012-09-30,"1 Offer","MDA","CARTER
pre-BBP",0.0538923452991453
"393",2012-09-30,"1 Offer","MDA","BBP1",0.379364845340336
"394",2012-09-30,"1 Offer","Military
Health","YOUNG",0.00129873475440222
"395",2012-09-30,"1 Offer","Military
Health","CARTER
pre-BBP",0.00143903522809185
"396",2012-09-30,"1 Offer","Military
Health","BBP1",0.0148763524353826
"397",2012-09-30,"1 Offer","Additional
DoD
Components","YOUNG",0.13969598158789
"398",2012-09-30,"1 Offer","Additional
DoD
Components","CARTER
pre-BBP",0.537753909236948
"399",2012-09-30,"1 Offer","Additional
DoD
Components","BBP1",2.0055711141592
"400",2012-09-30,"2 Offers","Army","YOUNG",1.23679177532695
"401",2012-09-30,"2 Offers","Army","CARTER
pre-BBP",1.98773842563073
"402",2012-09-30,"2 Offers","Army","BBP1",9.73389342811245
"403",2012-09-30,"2 Offers","Navy","YOUNG",1.14620115314592
"404",2012-09-30,"2 Offers","Navy","CARTER
pre-BBP",1.4572086197405
"405",2012-09-30,"2 Offers","Navy","BBP1",7.37629361253218
"406",2012-09-30,"2 Offers","Air Force","YOUNG",1.00492041686747
"407",2012-09-30,"2 Offers","Air Force","CARTER
pre-BBP",1.35056028137164
"408",2012-09-30,"2 Offers","Air Force","BBP1",4.8678791428998
"409",2012-09-30,"2 Offers","DLA","YOUNG",0.0478759277314386
"410",2012-09-30,"2 Offers","DLA","CARTER
pre-BBP",0.0965975212439502
"411",2012-09-30,"2 Offers","DLA","BBP1",2.80816761279992
"412",2012-09-30,"2 Offers","MDA","YOUNG",0.000989456142518793
"413",2012-09-30,"2 Offers","MDA","CARTER
pre-BBP",0
"414",2012-09-30,"2 Offers","MDA","BBP1",0.384417815858305
"415",2012-09-30,"2 Offers","Military
Health","YOUNG",-0.0310137796416435
"416",2012-09-30,"2 Offers","Military
Health","CARTER
pre-BBP",3.03148725512306
"417",2012-09-30,"2 Offers","Military
Health","BBP1",1.57091857502832
"418",2012-09-30,"2 Offers","Additional
DoD
Components","YOUNG",0.200786888785913
"419",2012-09-30,"2 Offers","Additional
DoD
Components","CARTER
pre-BBP",0.38378361785604
"420",2012-09-30,"2 Offers","Additional
DoD
Components","BBP1",1.91492057154773
"421",2012-09-30,"3+ Offers","Army","YOUNG",2.33471115833591
"422",2012-09-30,"3+ Offers","Army","CARTER
pre-BBP",8.44335289357553
"423",2012-09-30,"3+ Offers","Army","BBP1",32.1238473418392
"424",2012-09-30,"3+ Offers","Navy","YOUNG",3.06225412826691
"425",2012-09-30,"3+ Offers","Navy","CARTER
pre-BBP",2.79876906148697
"426",2012-09-30,"3+ Offers","Navy","BBP1",14.9968084827824
"427",2012-09-30,"3+ Offers","Air Force","YOUNG",1.45515679713727
"428",2012-09-30,"3+ Offers","Air Force","CARTER
pre-BBP",1.31624434866646
"429",2012-09-30,"3+ Offers","Air Force","BBP1",9.10100900061786
"430",2012-09-30,"3+ Offers","DLA","YOUNG",0.245576973071774
"431",2012-09-30,"3+ Offers","DLA","CARTER
pre-BBP",0.206232363299351
"432",2012-09-30,"3+ Offers","DLA","BBP1",30.5714055077848
"433",2012-09-30,"3+ Offers","MDA","YOUNG",0.339605723396149
"434",2012-09-30,"3+ Offers","MDA","CARTER
pre-BBP",0.0815428168159819
"435",2012-09-30,"3+ Offers","MDA","BBP1",0.810282563958398
"436",2012-09-30,"3+ Offers","Military
Health","YOUNG",0.686294739254454
"437",2012-09-30,"3+ Offers","Military
Health","CARTER
pre-BBP",0.0118613114097415
"438",2012-09-30,"3+ Offers","Military
Health","BBP1",0.527471736906601
"439",2012-09-30,"3+ Offers","Additional
DoD
Components","YOUNG",0.510956859592215
"440",2012-09-30,"3+ Offers","Additional
DoD
Components","CARTER
pre-BBP",1.44680064391927
"441",2012-09-30,"3+ Offers","Additional
DoD
Components","BBP1",11.2229421075584
"442",2012-09-30,"No Comp.","Army","YOUNG",3.74876457629492
"443",2012-09-30,"No Comp.","Army","CARTER
pre-BBP",4.18297891517866
"444",2012-09-30,"No Comp.","Army","BBP1",30.8715775903923
"445",2012-09-30,"No Comp.","Navy","YOUNG",12.1407123563794
"446",2012-09-30,"No Comp.","Navy","CARTER
pre-BBP",9.95300075490681
"447",2012-09-30,"No Comp.","Navy","BBP1",23.6205846193543
"448",2012-09-30,"No Comp.","Air Force","YOUNG",2.96505411423128
"449",2012-09-30,"No Comp.","Air Force","CARTER
pre-BBP",4.58429856205334
"450",2012-09-30,"No Comp.","Air Force","BBP1",34.6950245668086
"451",2012-09-30,"No Comp.","DLA","YOUNG",0.130967578951704
"452",2012-09-30,"No Comp.","DLA","CARTER
pre-BBP",0.333947903902791
"453",2012-09-30,"No Comp.","DLA","BBP1",6.81122971047266
"454",2012-09-30,"No Comp.","MDA","YOUNG",0.0179498011636289
"455",2012-09-30,"No Comp.","MDA","CARTER
pre-BBP",0.936518083431161
"456",2012-09-30,"No Comp.","MDA","BBP1",1.60286054003707
"457",2012-09-30,"No Comp.","Military
Health","YOUNG",1.18964908869323
"458",2012-09-30,"No Comp.","Military
Health","CARTER
pre-BBP",0.00501620389249305
"459",2012-09-30,"No Comp.","Military
Health","BBP1",0.018000762866852
"460",2012-09-30,"No Comp.","Additional
DoD
Components","YOUNG",0.0910611268870353
"461",2012-09-30,"No Comp.","Additional
DoD
Components","CARTER
pre-BBP",0.225576850272372
"462",2012-09-30,"No Comp.","Additional
DoD
Components","BBP1",2.73430673272567
"463",2012-09-30,"Unlabeled","Army","YOUNG",0.0672449308516116
"464",2012-09-30,"Unlabeled","Army","CARTER
pre-BBP",0.311204716259911
"465",2012-09-30,"Unlabeled","Army","BBP1",1.07297310533416
"466",2012-09-30,"Unlabeled","Navy","YOUNG",0.000796182319019669
"467",2012-09-30,"Unlabeled","Navy","CARTER
pre-BBP",0.0181411037792194
"468",2012-09-30,"Unlabeled","Navy","BBP1",0.14465991661003
"469",2012-09-30,"Unlabeled","Air Force","YOUNG",0.00132878158789002
"470",2012-09-30,"Unlabeled","Air Force","CARTER
pre-BBP",0.0128909452682525
"471",2012-09-30,"Unlabeled","Air Force","BBP1",0.257788490217279
"472",2012-09-30,"Unlabeled","DLA","YOUNG",0.000127955545257955
"473",2012-09-30,"Unlabeled","DLA","CARTER
pre-BBP",-9.33894552569251e-06
"474",2012-09-30,"Unlabeled","DLA","BBP1",0.148546897126969
"475",2012-09-30,"Unlabeled","MDA","CARTER
pre-BBP",0
"476",2012-09-30,"Unlabeled","MDA","BBP1",0.00116671815466996
"477",2012-09-30,"Unlabeled","Military
Health","BBP1",0.0114115265678097
"478",2012-09-30,"Unlabeled","Additional
DoD
Components","YOUNG",0.0102685471218206
"479",2012-09-30,"Unlabeled","Additional
DoD
Components","CARTER
pre-BBP",0.00928444400164762
"480",2012-09-30,"Unlabeled","Additional
DoD
Components","BBP1",0.0727552700957677
"481",2013-04-23,"1 Offer","Army","BBP1",2.98975691367239
"482",2013-04-23,"1 Offer","Navy","BBP1",2.30716665480035
"483",2013-04-23,"1 Offer","Air Force","BBP1",1.14703604832223
"484",2013-04-23,"1 Offer","DLA","BBP1",1.08363821008053
"485",2013-04-23,"1 Offer","MDA","BBP1",0.214924738591449
"486",2013-04-23,"1 Offer","Military
Health","BBP1",0.00433855863420331
"487",2013-04-23,"1 Offer","Additional
DoD
Components","BBP1",0.819410845129075
"488",2013-04-23,"2 Offers","Army","BBP1",3.44752692021753
"489",2013-04-23,"2 Offers","Navy","BBP1",3.61845972216716
"490",2013-04-23,"2 Offers","Air Force","BBP1",3.10092055670123
"491",2013-04-23,"2 Offers","DLA","BBP1",2.69854207016726
"492",2013-04-23,"2 Offers","MDA","BBP1",0.254860116272672
"493",2013-04-23,"2 Offers","Military
Health","BBP1",2.60361128763705
"494",2013-04-23,"2 Offers","Additional
DoD
Components","BBP1",0.539992773028537
"495",2013-04-23,"3+ Offers","Army","BBP1",9.91368225231309
"496",2013-04-23,"3+ Offers","Navy","BBP1",5.42214451763248
"497",2013-04-23,"3+ Offers","Air Force","BBP1",3.67589957603138
"498",2013-04-23,"3+ Offers","DLA","BBP1",9.23449388198182
"499",2013-04-23,"3+ Offers","MDA","BBP1",0.444072511482279
"500",2013-04-23,"3+ Offers","Military
Health","BBP1",0.363177657849904
"501",2013-04-23,"3+ Offers","Additional
DoD
Components","BBP1",5.46477615782441
"502",2013-04-23,"No Comp.","Army","BBP1",12.453273861906
"503",2013-04-23,"No Comp.","Navy","BBP1",18.7429494695492
"504",2013-04-23,"No Comp.","Air Force","BBP1",15.3026674837421
"505",2013-04-23,"No Comp.","DLA","BBP1",2.66810719595552
"506",2013-04-23,"No Comp.","MDA","BBP1",0.833983112676957
"507",2013-04-23,"No Comp.","Military
Health","BBP1",0.00609606727632782
"508",2013-04-23,"No Comp.","Additional
DoD
Components","BBP1",1.10006490352209
"509",2013-04-23,"Unlabeled","Army","BBP1",0.253795259838428
"510",2013-04-23,"Unlabeled","Navy","BBP1",0.0440177647332182
"511",2013-04-23,"Unlabeled","Air Force","BBP1",0.0737854862425104
"512",2013-04-23,"Unlabeled","DLA","BBP1",0.0151768794639992
"513",2013-04-23,"Unlabeled","MDA","BBP1",0.000505697166649741
"514",2013-04-23,"Unlabeled","Military
Health","BBP1",1.01148268508175e-05
"515",2013-04-23,"Unlabeled","Additional
DoD
Components","BBP1",0.0180591621806642
"516",2013-09-30,"1 Offer","Army","YOUNG",0.0798915228402559
"517",2013-09-30,"1 Offer","Army","CARTER
pre-BBP",0.735864955373413
"518",2013-09-30,"1 Offer","Army","BBP1",1.82222093219366
"519",2013-09-30,"1 Offer","Army","BBP2",2.52238804633289
"520",2013-09-30,"1 Offer","Navy","YOUNG",0.45779992018625
"521",2013-09-30,"1 Offer","Navy","CARTER
pre-BBP",0.993612553904743
"522",2013-09-30,"1 Offer","Navy","BBP1",1.12668777269148
"523",2013-09-30,"1 Offer","Navy","BBP2",1.60544507127064
"524",2013-09-30,"1 Offer","Air Force","YOUNG",0.155151006640093
"525",2013-09-30,"1 Offer","Air Force","CARTER
pre-BBP",0.299981786633899
"526",2013-09-30,"1 Offer","Air Force","BBP1",0.66347881815883
"527",2013-09-30,"1 Offer","Air Force","BBP2",0.908536299376358
"528",2013-09-30,"1 Offer","DLA","YOUNG",0.00615828142276836
"529",2013-09-30,"1 Offer","DLA","CARTER
pre-BBP",0.00933092466060729
"530",2013-09-30,"1 Offer","DLA","BBP1",0.009880813892353
"531",2013-09-30,"1 Offer","DLA","BBP2",1.064845798425
"532",2013-09-30,"1 Offer","MDA","YOUNG",-0.000785858750685488
"533",2013-09-30,"1 Offer","MDA","CARTER
pre-BBP",0.0117225581788362
"534",2013-09-30,"1 Offer","MDA","BBP1",0.21251306155428
"535",2013-09-30,"1 Offer","MDA","BBP2",0.0119640775623032
"536",2013-09-30,"1 Offer","Military
Health","YOUNG",0.000447245746623337
"537",2013-09-30,"1 Offer","Military
Health","CARTER
pre-BBP",0.00158732302234183
"538",2013-09-30,"1 Offer","Military
Health","BBP1",0.00225584494932467
"539",2013-09-30,"1 Offer","Military
Health","BBP2",0.0192281758371077
"540",2013-09-30,"1 Offer","Additional
DoD
Components","YOUNG",0.030105411620392
"541",2013-09-30,"1 Offer","Additional
DoD
Components","CARTER
pre-BBP",0.229698902646593
"542",2013-09-30,"1 Offer","Additional
DoD
Components","BBP1",0.395689778443384
"543",2013-09-30,"1 Offer","Additional
DoD
Components","BBP2",0.535417633931045
"544",2013-09-30,"2 Offers","Army","YOUNG",0.651202638687316
"545",2013-09-30,"2 Offers","Army","CARTER
pre-BBP",1.03724646502843
"546",2013-09-30,"2 Offers","Army","BBP1",1.82010074771849
"547",2013-09-30,"2 Offers","Army","BBP2",3.82755987452219
"548",2013-09-30,"2 Offers","Navy","YOUNG",0.549865729248807
"549",2013-09-30,"2 Offers","Navy","CARTER
pre-BBP",0.983448317271149
"550",2013-09-30,"2 Offers","Navy","BBP1",1.59361617545222
"551",2013-09-30,"2 Offers","Navy","BBP2",3.10378246292881
"552",2013-09-30,"2 Offers","Air Force","YOUNG",0.514353131807759
"553",2013-09-30,"2 Offers","Air Force","CARTER
pre-BBP",0.831271692462577
"554",2013-09-30,"2 Offers","Air Force","BBP1",2.08948852945395
"555",2013-09-30,"2 Offers","Air Force","BBP2",1.04366564016035
"556",2013-09-30,"2 Offers","DLA","YOUNG",0.0499880044074337
"557",2013-09-30,"2 Offers","DLA","CARTER
pre-BBP",0.0467286234670458
"558",2013-09-30,"2 Offers","DLA","BBP1",0.0338845604303849
"559",2013-09-30,"2 Offers","DLA","BBP2",1.25713107940865
"560",2013-09-30,"2 Offers","MDA","YOUNG",0
"561",2013-09-30,"2 Offers","MDA","CARTER
pre-BBP",-1.35373819437392e-05
"562",2013-09-30,"2 Offers","MDA","BBP1",0.226146911499645
"563",2013-09-30,"2 Offers","MDA","BBP2",0.00799412459063674
"564",2013-09-30,"2 Offers","Military
Health","YOUNG",4.42774449070783e-07
"565",2013-09-30,"2 Offers","Military
Health","CARTER
pre-BBP",2.9497706121371
"566",2013-09-30,"2 Offers","Military
Health","BBP1",2.04124677189002
"567",2013-09-30,"2 Offers","Military
Health","BBP2",0.0410169789705494
"568",2013-09-30,"2 Offers","Additional
DoD
Components","YOUNG",0.0957190542383467
"569",2013-09-30,"2 Offers","Additional
DoD
Components","CARTER
pre-BBP",0.200837714573068
"570",2013-09-30,"2 Offers","Additional
DoD
Components","BBP1",0.332751788801767
"571",2013-09-30,"2 Offers","Additional
DoD
Components","BBP2",0.433871213662029
"572",2013-09-30,"3+ Offers","Army","YOUNG",1.69416635907241
"573",2013-09-30,"3+ Offers","Army","CARTER
pre-BBP",7.5143564584446
"574",2013-09-30,"3+ Offers","Army","BBP1",5.79114629250553
"575",2013-09-30,"3+ Offers","Army","BBP2",12.737069204302
"576",2013-09-30,"3+ Offers","Navy","YOUNG",2.49509494121265
"577",2013-09-30,"3+ Offers","Navy","CARTER
pre-BBP",1.59463019367147
"578",2013-09-30,"3+ Offers","Navy","BBP1",2.20028788522941
"579",2013-09-30,"3+ Offers","Navy","BBP2",6.15614230148238
"580",2013-09-30,"3+ Offers","Air Force","YOUNG",0.77647633478562
"581",2013-09-30,"3+ Offers","Air Force","CARTER
pre-BBP",0.768536759632477
"582",2013-09-30,"3+ Offers","Air Force","BBP1",1.52362833873119
"583",2013-09-30,"3+ Offers","Air Force","BBP2",2.94426007449985
"584",2013-09-30,"3+ Offers","DLA","YOUNG",0.266613095330862
"585",2013-09-30,"3+ Offers","DLA","CARTER
pre-BBP",0.0421734010421448
"586",2013-09-30,"3+ Offers","DLA","BBP1",0.761052261686605
"587",2013-09-30,"3+ Offers","DLA","BBP2",11.4260909591608
"588",2013-09-30,"3+ Offers","MDA","YOUNG",0.121800160240073
"589",2013-09-30,"3+ Offers","MDA","CARTER
pre-BBP",0.0577291947674419
"590",2013-09-30,"3+ Offers","MDA","BBP1",0.280855347750584
"591",2013-09-30,"3+ Offers","MDA","BBP2",0.0674690178948918
"592",2013-09-30,"3+ Offers","Military
Health","YOUNG",0.741672129406215
"593",2013-09-30,"3+ Offers","Military
Health","CARTER
pre-BBP",-0.000505382050167564
"594",2013-09-30,"3+ Offers","Military
Health","BBP1",0.180181807584747
"595",2013-09-30,"3+ Offers","Military
Health","BBP2",0.273050861908399
"596",2013-09-30,"3+ Offers","Additional
DoD
Components","YOUNG",0.0894593532834366
"597",2013-09-30,"3+ Offers","Additional
DoD
Components","CARTER
pre-BBP",1.089664454327
"598",2013-09-30,"3+ Offers","Additional
DoD
Components","BBP1",1.36731118825175
"599",2013-09-30,"3+ Offers","Additional
DoD
Components","BBP2",2.93712713305433
"600",2013-09-30,"No Comp.","Army","YOUNG",0.726930773026607
"601",2013-09-30,"No Comp.","Army","CARTER
pre-BBP",1.79102613624992
"602",2013-09-30,"No Comp.","Army","BBP1",5.86003750028841
"603",2013-09-30,"No Comp.","Army","BBP2",8.2352338469934
"604",2013-09-30,"No Comp.","Navy","YOUNG",5.94231231791551
"605",2013-09-30,"No Comp.","Navy","CARTER
pre-BBP",4.64943820650848
"606",2013-09-30,"No Comp.","Navy","BBP1",15.7591752445312
"607",2013-09-30,"No Comp.","Navy","BBP2",7.28752918451264
"608",2013-09-30,"No Comp.","Air Force","YOUNG",2.40055979571037
"609",2013-09-30,"No Comp.","Air Force","CARTER
pre-BBP",1.75453115766995
"610",2013-09-30,"No Comp.","Air Force","BBP1",5.7566043389083
"611",2013-09-30,"No Comp.","Air Force","BBP2",5.78031134931248
"612",2013-09-30,"No Comp.","DLA","YOUNG",0.000361683745506246
"613",2013-09-30,"No Comp.","DLA","CARTER
pre-BBP",0.00674374573728039
"614",2013-09-30,"No Comp.","DLA","BBP1",0.00249688983487357
"615",2013-09-30,"No Comp.","DLA","BBP2",3.43350017616127
"616",2013-09-30,"No Comp.","MDA","YOUNG",-0.000439558994922312
"617",2013-09-30,"No Comp.","MDA","CARTER
pre-BBP",0.782518606608307
"618",2013-09-30,"No Comp.","MDA","BBP1",1.07523204429288
"619",2013-09-30,"No Comp.","MDA","BBP2",0.0291207998679801
"620",2013-09-30,"No Comp.","Military
Health","YOUNG",1.15650483320331
"621",2013-09-30,"No Comp.","Military
Health","CARTER
pre-BBP",0.003943283791307
"622",2013-09-30,"No Comp.","Military
Health","BBP1",0.00372627444389154
"623",2013-09-30,"No Comp.","Military
Health","BBP2",0.0547914997835889
"624",2013-09-30,"No Comp.","Additional
DoD
Components","YOUNG",0.00886902503838733
"625",2013-09-30,"No Comp.","Additional
DoD
Components","CARTER
pre-BBP",0.121131175272367
"626",2013-09-30,"No Comp.","Additional
DoD
Components","BBP1",0.523087216303036
"627",2013-09-30,"No Comp.","Additional
DoD
Components","BBP2",0.917593495504113
"628",2013-09-30,"Unlabeled","Army","YOUNG",0.0304462214415558
"629",2013-09-30,"Unlabeled","Army","CARTER
pre-BBP",0.206047359661623
"630",2013-09-30,"Unlabeled","Army","BBP1",0.14704557008886
"631",2013-09-30,"Unlabeled","Army","BBP2",0.256355950860059
"632",2013-09-30,"Unlabeled","Navy","YOUNG",-0.00214729313923022
"633",2013-09-30,"Unlabeled","Navy","CARTER
pre-BBP",0.010291840001828
"634",2013-09-30,"Unlabeled","Navy","BBP1",0.022757790489997
"635",2013-09-30,"Unlabeled","Navy","BBP2",0.0721915452595714
"636",2013-09-30,"Unlabeled","Air Force","YOUNG",-0.000838484627805423
"637",2013-09-30,"Unlabeled","Air Force","CARTER
pre-BBP",0.0222505069462781
"638",2013-09-30,"Unlabeled","Air Force","BBP1",0.0385654567145323
"639",2013-09-30,"Unlabeled","Air Force","BBP2",0.0927316467540368
"640",2013-09-30,"Unlabeled","DLA","YOUNG",-4.51469587691683e-05
"641",2013-09-30,"Unlabeled","DLA","CARTER
pre-BBP",-8.45431705087844e-05
"642",2013-09-30,"Unlabeled","DLA","BBP1",-0.000385054615720524
"643",2013-09-30,"Unlabeled","DLA","BBP2",0.0660705726832538
"644",2013-09-30,"Unlabeled","MDA","YOUNG",-0.000733031410581903
"645",2013-09-30,"Unlabeled","MDA","CARTER
pre-BBP",0
"646",2013-09-30,"Unlabeled","MDA","BBP1",0.000530933362445415
"647",2013-09-30,"Unlabeled","Military
Health","BBP1",0.00558186006905657
"648",2013-09-30,"Unlabeled","Additional
DoD
Components","YOUNG",0.00187857339758302
"649",2013-09-30,"Unlabeled","Additional
DoD
Components","CARTER
pre-BBP",0.00357499998405606
"650",2013-09-30,"Unlabeled","Additional
DoD
Components","BBP1",0.0213425727860262
"651",2013-09-30,"Unlabeled","Additional
DoD
Components","BBP2",0.0440951728187265
"652",2014-09-18,"1 Offer","Army","BBP2",3.892220481931
"653",2014-09-18,"1 Offer","Navy","BBP2",3.5654941322
"654",2014-09-18,"1 Offer","Air Force","BBP2",1.9820019709325
"655",2014-09-18,"1 Offer","DLA","BBP2",2.1495907030267
"656",2014-09-18,"1 Offer","MDA","BBP2",0.1294642711798
"657",2014-09-18,"1 Offer","Military
Health","BBP2",0.0277155124685
"658",2014-09-18,"1 Offer","Additional
DoD
Components","BBP2",0.9478527270427
"659",2014-09-18,"2 Offers","Army","BBP2",5.7080961889299
"660",2014-09-18,"2 Offers","Navy","BBP2",4.737364542091
"661",2014-09-18,"2 Offers","Air Force","BBP2",3.5538069716843
"662",2014-09-18,"2 Offers","DLA","BBP2",2.4453122700775
"663",2014-09-18,"2 Offers","MDA","BBP2",0.0490273627482
"664",2014-09-18,"2 Offers","Military
Health","BBP2",0.1876896494677
"665",2014-09-18,"2 Offers","Additional
DoD
Components","BBP2",1.2535852590618
"666",2014-09-18,"3+ Offers","Army","BBP2",16.5198618946981
"667",2014-09-18,"3+ Offers","Navy","BBP2",9.6984909577413
"668",2014-09-18,"3+ Offers","Air Force","BBP2",5.314575135296
"669",2014-09-18,"3+ Offers","DLA","BBP2",19.5579652178087
"670",2014-09-18,"3+ Offers","MDA","BBP2",0.2491287707132
"671",2014-09-18,"3+ Offers","Military
Health","BBP2",0.4556214742765
"672",2014-09-18,"3+ Offers","Additional
DoD
Components","BBP2",6.2210920228656
"673",2014-09-18,"No Comp.","Army","BBP2",14.9376012893169
"674",2014-09-18,"No Comp.","Navy","BBP2",20.3753186573257
"675",2014-09-18,"No Comp.","Air Force","BBP2",16.3350079440988
"676",2014-09-18,"No Comp.","DLA","BBP2",4.5379025630292
"677",2014-09-18,"No Comp.","MDA","BBP2",0.8124153868249
"678",2014-09-18,"No Comp.","Military
Health","BBP2",1.5247398727578
"679",2014-09-18,"No Comp.","Additional
DoD
Components","BBP2",2.4097120892427
"680",2014-09-18,"Unlabeled","Army","BBP2",0.3672880168102
"681",2014-09-18,"Unlabeled","Navy","BBP2",0.1746836391188
"682",2014-09-18,"Unlabeled","Air Force","BBP2",0.0836701138855
"683",2014-09-18,"Unlabeled","DLA","BBP2",0.062036730818
"684",2014-09-18,"Unlabeled","Military
Health","BBP2",0
"685",2014-09-18,"Unlabeled","Additional
DoD
Components","BBP2",0.0276608777301
"686",2014-09-30,"1 Offer","Army","YOUNG",0.0657969765958
"687",2014-09-30,"1 Offer","Army","CARTER
pre-BBP",0.1747393162647
"688",2014-09-30,"1 Offer","Army","BBP1",1.3366713319223
"689",2014-09-30,"1 Offer","Navy","YOUNG",0.2660176777031
"690",2014-09-30,"1 Offer","Navy","CARTER
pre-BBP",0.7676474212525
"691",2014-09-30,"1 Offer","Navy","BBP1",1.54894849724
"692",2014-09-30,"1 Offer","Air Force","YOUNG",0.0882050028431
"693",2014-09-30,"1 Offer","Air Force","CARTER
pre-BBP",0.129768641639
"694",2014-09-30,"1 Offer","Air Force","BBP1",0.8173532303704
"695",2014-09-30,"1 Offer","DLA","YOUNG",-0.0037516146956
"696",2014-09-30,"1 Offer","DLA","CARTER
pre-BBP",0.001698258876
"697",2014-09-30,"1 Offer","DLA","BBP1",0.0136309859339
"698",2014-09-30,"1 Offer","MDA","YOUNG",-0.0001509252464
"699",2014-09-30,"1 Offer","MDA","CARTER
pre-BBP",0.0105303342204
"700",2014-09-30,"1 Offer","MDA","BBP1",0.3077418211918
"701",2014-09-30,"1 Offer","Military
Health","YOUNG",0
"702",2014-09-30,"1 Offer","Military
Health","CARTER
pre-BBP",0.0010108691328
"703",2014-09-30,"1 Offer","Military
Health","BBP1",0.0057201532872
"704",2014-09-30,"1 Offer","Additional
DoD
Components","YOUNG",-0.0284259635906
"705",2014-09-30,"1 Offer","Additional
DoD
Components","CARTER
pre-BBP",0.1505176304038
"706",2014-09-30,"1 Offer","Additional
DoD
Components","BBP1",0.5317519102518
"707",2014-09-30,"2 Offers","Army","YOUNG",0.2770912904785
"708",2014-09-30,"2 Offers","Army","CARTER
pre-BBP",0.5474718029993
"709",2014-09-30,"2 Offers","Army","BBP1",1.8860551333526
"710",2014-09-30,"2 Offers","Navy","YOUNG",0.4542511615361
"711",2014-09-30,"2 Offers","Navy","CARTER
pre-BBP",1.1865286751399
"712",2014-09-30,"2 Offers","Navy","BBP1",3.6140251719679
"713",2014-09-30,"2 Offers","Air Force","YOUNG",0.8630809131296
"714",2014-09-30,"2 Offers","Air Force","CARTER
pre-BBP",0.7419896329645
"715",2014-09-30,"2 Offers","Air Force","BBP1",3.336752403671
"716",2014-09-30,"2 Offers","DLA","YOUNG",0.030422873377
"717",2014-09-30,"2 Offers","DLA","CARTER
pre-BBP",0.0333389089922
"718",2014-09-30,"2 Offers","DLA","BBP1",0.0423008589098
"719",2014-09-30,"2 Offers","MDA","YOUNG",-1.17674503e-05
"720",2014-09-30,"2 Offers","MDA","BBP1",0.7991201683633
"721",2014-09-30,"2 Offers","Military
Health","YOUNG",4.36e-08
"722",2014-09-30,"2 Offers","Military
Health","CARTER
pre-BBP",3.1216911028018
"723",2014-09-30,"2 Offers","Military
Health","BBP1",6.4834979871292
"724",2014-09-30,"2 Offers","Additional
DoD
Components","YOUNG",-0.004471845759
"725",2014-09-30,"2 Offers","Additional
DoD
Components","CARTER
pre-BBP",0.092721923922
"726",2014-09-30,"2 Offers","Additional
DoD
Components","BBP1",0.584428362276
"727",2014-09-30,"3+ Offers","Army","YOUNG",1.041210919605
"728",2014-09-30,"3+ Offers","Army","CARTER
pre-BBP",2.9781516154797
"729",2014-09-30,"3+ Offers","Army","BBP1",6.7452696842478
"730",2014-09-30,"3+ Offers","Navy","YOUNG",1.7731042322135
"731",2014-09-30,"3+ Offers","Navy","CARTER
pre-BBP",1.186798190502
"732",2014-09-30,"3+ Offers","Navy","BBP1",3.7237148750681
"733",2014-09-30,"3+ Offers","Air Force","YOUNG",0.5652023589797
"734",2014-09-30,"3+ Offers","Air Force","CARTER
pre-BBP",0.6965875283922
"735",2014-09-30,"3+ Offers","Air Force","BBP1",2.6513163175812
"736",2014-09-30,"3+ Offers","DLA","YOUNG",0.1353573292769
"737",2014-09-30,"3+ Offers","DLA","CARTER
pre-BBP",0.0882131606226
"738",2014-09-30,"3+ Offers","DLA","BBP1",0.7755558415139
"739",2014-09-30,"3+ Offers","MDA","YOUNG",0.0533600397933
"740",2014-09-30,"3+ Offers","MDA","CARTER
pre-BBP",0.0137063471663
"741",2014-09-30,"3+ Offers","MDA","BBP1",0.6612307804341
"742",2014-09-30,"3+ Offers","Military
Health","YOUNG",0.8128416691672
"743",2014-09-30,"3+ Offers","Military
Health","CARTER
pre-BBP",-0.0003857515508
"744",2014-09-30,"3+ Offers","Military
Health","BBP1",0.4271788930604
"745",2014-09-30,"3+ Offers","Additional
DoD
Components","YOUNG",-0.0351986175668
"746",2014-09-30,"3+ Offers","Additional
DoD
Components","CARTER
pre-BBP",0.6338202899003
"747",2014-09-30,"3+ Offers","Additional
DoD
Components","BBP1",2.1718084692157
"748",2014-09-30,"No Comp.","Army","YOUNG",0.3072820068031
"749",2014-09-30,"No Comp.","Army","CARTER
pre-BBP",0.7044194297429
"750",2014-09-30,"No Comp.","Army","BBP1",7.8144920003631
"751",2014-09-30,"No Comp.","Navy","YOUNG",3.0931348088906
"752",2014-09-30,"No Comp.","Navy","CARTER
pre-BBP",1.5132760114266
"753",2014-09-30,"No Comp.","Navy","BBP1",18.3900494924275
"754",2014-09-30,"No Comp.","Air Force","YOUNG",1.4221008000795
"755",2014-09-30,"No Comp.","Air Force","CARTER
pre-BBP",1.3934876931024
"756",2014-09-30,"No Comp.","Air Force","BBP1",8.9589970190633
"757",2014-09-30,"No Comp.","DLA","YOUNG",-0.0003020225159
"758",2014-09-30,"No Comp.","DLA","CARTER
pre-BBP",0.0035751113853
"759",2014-09-30,"No Comp.","DLA","BBP1",0.0085347452741
"760",2014-09-30,"No Comp.","MDA","YOUNG",-0.0021863555442
"761",2014-09-30,"No Comp.","MDA","CARTER
pre-BBP",0.5771688648162
"762",2014-09-30,"No Comp.","MDA","BBP1",1.598486588082
"763",2014-09-30,"No Comp.","Military
Health","YOUNG",-0.0448068095
"764",2014-09-30,"No Comp.","Military
Health","CARTER
pre-BBP",0.00032965138
"765",2014-09-30,"No Comp.","Military
Health","BBP1",0.0031889476884
"766",2014-09-30,"No Comp.","Additional
DoD
Components","YOUNG",-0.187738839893
"767",2014-09-30,"No Comp.","Additional
DoD
Components","CARTER
pre-BBP",-0.0126663111329
"768",2014-09-30,"No Comp.","Additional
DoD
Components","BBP1",0.5069462866791
"769",2014-09-30,"Unlabeled","Army","YOUNG",-0.0018916232781
"770",2014-09-30,"Unlabeled","Army","CARTER
pre-BBP",0.0783987721964
"771",2014-09-30,"Unlabeled","Army","BBP1",0.1785912398636
"772",2014-09-30,"Unlabeled","Navy","YOUNG",-0.0003659663695
"773",2014-09-30,"Unlabeled","Navy","CARTER
pre-BBP",0.0097883045045
"774",2014-09-30,"Unlabeled","Navy","BBP1",0.0581998581887
"775",2014-09-30,"Unlabeled","Air Force","YOUNG",-0.0001692478509
"776",2014-09-30,"Unlabeled","Air Force","CARTER
pre-BBP",0.0001570659873
"777",2014-09-30,"Unlabeled","Air Force","BBP1",0.0794559971837
"778",2014-09-30,"Unlabeled","DLA","YOUNG",-4.7539102e-06
"779",2014-09-30,"Unlabeled","DLA","CARTER
pre-BBP",-1.88305e-06
"780",2014-09-30,"Unlabeled","DLA","BBP1",0.001889705
"781",2014-09-30,"Unlabeled","MDA","YOUNG",-0.00016090954
"782",2014-09-30,"Unlabeled","MDA","BBP1",0.0003442735977
"783",2014-09-30,"Unlabeled","Military
Health","BBP1",0
"784",2014-09-30,"Unlabeled","Additional
DoD
Components","YOUNG",-0.0016558727455
"785",2014-09-30,"Unlabeled","Additional
DoD
Components","CARTER
pre-BBP",0.0021658646373
"786",2014-09-30,"Unlabeled","Additional
DoD
Components","BBP1",0.0236878912522
