"","Fiscal.Year","Pricing.Mechanism.sum","SubCustomer.component","ATLpolicy","Obligation.2014"
"1",2007-09-30,"Combination","Army","YOUNG",1.26024478011
"2",2007-09-30,"Combination","Navy","YOUNG",0.547204352374004
"3",2007-09-30,"Combination","Air Force","YOUNG",0.132333221876754
"4",2007-09-30,"Combination","DLA","YOUNG",0.137989956224043
"5",2007-09-30,"Combination","MDA","YOUNG",0.000392488494780559
"6",2007-09-30,"Combination","Additional
DoD
Components","YOUNG",0.31087967645078
"7",2007-09-30,"Cost+","Army","YOUNG",1.41465221875631
"8",2007-09-30,"Cost+","Navy","YOUNG",2.05050427905489
"9",2007-09-30,"Cost+","Air Force","YOUNG",1.48432468104164
"10",2007-09-30,"Cost+","DLA","YOUNG",0.00260942866763947
"11",2007-09-30,"Cost+","MDA","YOUNG",0.0257816264451678
"12",2007-09-30,"Cost+","Additional
DoD
Components","YOUNG",0.383586961757773
"13",2007-09-30,"Fixed","Army","YOUNG",21.3655343140195
"14",2007-09-30,"Fixed","Navy","YOUNG",10.4197596220092
"15",2007-09-30,"Fixed","Air Force","YOUNG",8.14165796613537
"16",2007-09-30,"Fixed","DLA","YOUNG",6.5126726248176
"17",2007-09-30,"Fixed","MDA","YOUNG",0.005698459063868
"18",2007-09-30,"Fixed","Military
Health","YOUNG",0.00117143991469301
"19",2007-09-30,"Fixed","Additional
DoD
Components","YOUNG",1.10867747152318
"20",2007-09-30,"Other","Army","YOUNG",0
"21",2007-09-30,"Time/Mat.","Army","YOUNG",0.980020059692446
"22",2007-09-30,"Time/Mat.","Navy","YOUNG",0.324300454405657
"23",2007-09-30,"Time/Mat.","Air Force","YOUNG",0.789639675429341
"24",2007-09-30,"Time/Mat.","DLA","YOUNG",0.0203842092827478
"25",2007-09-30,"Time/Mat.","MDA","YOUNG",0.000280615108317432
"26",2007-09-30,"Time/Mat.","Additional
DoD
Components","YOUNG",0.122194198507128
"27",2007-09-30,"Unlabeled","Army","YOUNG",-0.00361769157032215
"28",2007-09-30,"Unlabeled","Navy","YOUNG",-0.00014219528566618
"29",2007-09-30,"Unlabeled","Air Force","YOUNG",-0.000144198002020429
"30",2007-09-30,"Unlabeled","MDA","YOUNG",0
"31",2007-09-30,"Unlabeled","Additional
DoD
Components","YOUNG",-0.000412076069143563
"32",2008-09-30,"Combination","Army","YOUNG",6.23577984066161
"33",2008-09-30,"Combination","Navy","YOUNG",3.36275658484816
"34",2008-09-30,"Combination","Air Force","YOUNG",1.11246803816703
"35",2008-09-30,"Combination","DLA","YOUNG",0.669647697440347
"36",2008-09-30,"Combination","MDA","YOUNG",0.178327673785249
"37",2008-09-30,"Combination","Military
Health","YOUNG",0.00904292370932755
"38",2008-09-30,"Combination","Additional
DoD
Components","YOUNG",1.34906543640998
"39",2008-09-30,"Cost+","Army","YOUNG",9.47111263517353
"40",2008-09-30,"Cost+","Navy","YOUNG",15.1418138750217
"41",2008-09-30,"Cost+","Air Force","YOUNG",9.86208330415401
"42",2008-09-30,"Cost+","DLA","YOUNG",0.0117787922342733
"43",2008-09-30,"Cost+","MDA","YOUNG",0.521021301963124
"44",2008-09-30,"Cost+","Military
Health","YOUNG",-0.000194027754880694
"45",2008-09-30,"Cost+","Additional
DoD
Components","YOUNG",1.48013924106291
"46",2008-09-30,"Fixed","Army","YOUNG",90.2361136519957
"47",2008-09-30,"Fixed","Navy","YOUNG",36.7913571938156
"48",2008-09-30,"Fixed","Air Force","YOUNG",20.976088646551
"49",2008-09-30,"Fixed","DLA","YOUNG",36.6004625753037
"50",2008-09-30,"Fixed","MDA","YOUNG",0.0522556606724512
"51",2008-09-30,"Fixed","Military
Health","YOUNG",0.382150957668113
"52",2008-09-30,"Fixed","Additional
DoD
Components","YOUNG",7.77482399661605
"53",2008-09-30,"Other","Army","YOUNG",0.000266890433839479
"54",2008-09-30,"Other","DLA","YOUNG",0
"55",2008-09-30,"Time/Mat.","Army","YOUNG",5.88263390618221
"56",2008-09-30,"Time/Mat.","Navy","YOUNG",0.996317090357917
"57",2008-09-30,"Time/Mat.","Air Force","YOUNG",3.34335461517354
"58",2008-09-30,"Time/Mat.","DLA","YOUNG",0.103207330336226
"59",2008-09-30,"Time/Mat.","MDA","YOUNG",0.0175213665943601
"60",2008-09-30,"Time/Mat.","Additional
DoD
Components","YOUNG",0.56134956664859
"61",2008-09-30,"Unlabeled","Army","YOUNG",-0.0550076123861171
"62",2008-09-30,"Unlabeled","Navy","YOUNG",0.593858510618221
"63",2008-09-30,"Unlabeled","Air Force","YOUNG",-0.00891645347071584
"64",2008-09-30,"Unlabeled","DLA","YOUNG",0.000559916225596529
"65",2008-09-30,"Unlabeled","MDA","YOUNG",0
"66",2008-09-30,"Unlabeled","Additional
DoD
Components","YOUNG",0.00533279272234273
"67",2009-04-26,"Combination","Army","YOUNG",4.23527588268023
"68",2009-04-26,"Combination","Navy","YOUNG",9.75507910002165
"69",2009-04-26,"Combination","Air Force","YOUNG",1.03478449033341
"70",2009-04-26,"Combination","DLA","YOUNG",0.0440726168001732
"71",2009-04-26,"Combination","MDA","YOUNG",0.353083297553583
"72",2009-04-26,"Combination","Military
Health","YOUNG",3.16302229919896e-06
"73",2009-04-26,"Combination","Additional
DoD
Components","YOUNG",1.07240241400736
"74",2009-04-26,"Cost+","Army","YOUNG",7.44455339836545
"75",2009-04-26,"Cost+","Navy","YOUNG",8.96356109036588
"76",2009-04-26,"Cost+","Air Force","YOUNG",8.13946267815544
"77",2009-04-26,"Cost+","DLA","YOUNG",0.0164055231327127
"78",2009-04-26,"Cost+","MDA","YOUNG",0.90646636367179
"79",2009-04-26,"Cost+","Additional
DoD
Components","YOUNG",1.19734881442953
"80",2009-04-26,"Fixed","Army","YOUNG",41.2865748808725
"81",2009-04-26,"Fixed","Navy","YOUNG",15.5022189837627
"82",2009-04-26,"Fixed","Air Force","YOUNG",13.9851722750057
"83",2009-04-26,"Fixed","DLA","YOUNG",22.3359443133146
"84",2009-04-26,"Fixed","MDA","YOUNG",0.0473587944035506
"85",2009-04-26,"Fixed","Military
Health","YOUNG",1.15575327918381
"86",2009-04-26,"Fixed","Additional
DoD
Components","YOUNG",5.3365422205997
"87",2009-04-26,"Other","Navy","YOUNG",-0.000104494933968391
"88",2009-04-26,"Time/Mat.","Army","YOUNG",3.19550794058238
"89",2009-04-26,"Time/Mat.","Navy","YOUNG",0.406180007967092
"90",2009-04-26,"Time/Mat.","Air Force","YOUNG",1.83320170267374
"91",2009-04-26,"Time/Mat.","DLA","YOUNG",0.501674927581728
"92",2009-04-26,"Time/Mat.","MDA","YOUNG",0.0647353146785018
"93",2009-04-26,"Time/Mat.","Military
Health","YOUNG",0.00273799469582161
"94",2009-04-26,"Time/Mat.","Additional
DoD
Components","YOUNG",0.474864605044382
"95",2009-04-26,"Unlabeled","Army","YOUNG",-0.0762575327776575
"96",2009-04-26,"Unlabeled","Navy","YOUNG",0.570684069419788
"97",2009-04-26,"Unlabeled","Air Force","YOUNG",0.00664558529984845
"98",2009-04-26,"Unlabeled","DLA","YOUNG",0.00557827252652089
"99",2009-04-26,"Unlabeled","MDA","YOUNG",0
"100",2009-04-26,"Unlabeled","Additional
DoD
Components","YOUNG",-0.00102675488200909
"101",2009-09-30,"Combination","Army","YOUNG",3.18878158768132
"102",2009-09-30,"Combination","Army","CARTER
pre-WSARA reg",3.16450742456159
"103",2009-09-30,"Combination","Navy","YOUNG",1.2333323238688
"104",2009-09-30,"Combination","Navy","CARTER
pre-WSARA reg",2.29499759918814
"105",2009-09-30,"Combination","Air Force","YOUNG",0.389686530580212
"106",2009-09-30,"Combination","Air Force","CARTER
pre-WSARA reg",0.4232256962979
"107",2009-09-30,"Combination","DLA","YOUNG",0.00291235845421087
"108",2009-09-30,"Combination","DLA","CARTER
pre-WSARA reg",0.0614354470664646
"109",2009-09-30,"Combination","MDA","YOUNG",0.0196918838168435
"110",2009-09-30,"Combination","Additional
DoD
Components","YOUNG",0.332381097640182
"111",2009-09-30,"Combination","Additional
DoD
Components","CARTER
pre-WSARA reg",0.716957555618099
"112",2009-09-30,"Cost+","Army","YOUNG",4.47312341025114
"113",2009-09-30,"Cost+","Army","CARTER
pre-WSARA reg",2.79552801583676
"114",2009-09-30,"Cost+","Navy","YOUNG",6.04263611457025
"115",2009-09-30,"Cost+","Navy","CARTER
pre-WSARA reg",3.55736644132929
"116",2009-09-30,"Cost+","Air Force","YOUNG",3.94509647400953
"117",2009-09-30,"Cost+","Air Force","CARTER
pre-WSARA reg",2.99948286077073
"118",2009-09-30,"Cost+","DLA","YOUNG",0.0026962738146785
"119",2009-09-30,"Cost+","DLA","CARTER
pre-WSARA reg",0.0293817952803637
"120",2009-09-30,"Cost+","MDA","YOUNG",0.648880830655986
"121",2009-09-30,"Cost+","MDA","CARTER
pre-WSARA reg",0.0613590571552284
"122",2009-09-30,"Cost+","Additional
DoD
Components","YOUNG",0.247188425481706
"123",2009-09-30,"Cost+","Additional
DoD
Components","CARTER
pre-WSARA reg",0.929030292704049
"124",2009-09-30,"Fixed","Army","YOUNG",8.7344327813163
"125",2009-09-30,"Fixed","Army","CARTER
pre-WSARA reg",45.6894668883741
"126",2009-09-30,"Fixed","Navy","YOUNG",3.31673313984629
"127",2009-09-30,"Fixed","Navy","CARTER
pre-WSARA reg",16.0813612590712
"128",2009-09-30,"Fixed","Air Force","YOUNG",2.38876606414808
"129",2009-09-30,"Fixed","Air Force","CARTER
pre-WSARA reg",12.2329807349318
"130",2009-09-30,"Fixed","DLA","YOUNG",0.309012081662698
"131",2009-09-30,"Fixed","DLA","CARTER
pre-WSARA reg",16.5781721235765
"132",2009-09-30,"Fixed","MDA","YOUNG",0.0196548836219961
"133",2009-09-30,"Fixed","MDA","CARTER
pre-WSARA reg",0.0085874427256982
"134",2009-09-30,"Fixed","Military
Health","YOUNG",0.4009314629357
"135",2009-09-30,"Fixed","Military
Health","CARTER
pre-WSARA reg",0.0325584904849535
"136",2009-09-30,"Fixed","Additional
DoD
Components","YOUNG",0.400453432528686
"137",2009-09-30,"Fixed","Additional
DoD
Components","CARTER
pre-WSARA reg",3.2007215349751
"138",2009-09-30,"Other","Army","YOUNG",0
"139",2009-09-30,"Other","Navy","YOUNG",1.43590495778307e-05
"140",2009-09-30,"Time/Mat.","Army","YOUNG",2.53398409988093
"141",2009-09-30,"Time/Mat.","Army","CARTER
pre-WSARA reg",1.35392810046547
"142",2009-09-30,"Time/Mat.","Navy","YOUNG",0.0976969752868586
"143",2009-09-30,"Time/Mat.","Navy","CARTER
pre-WSARA reg",0.395525085321498
"144",2009-09-30,"Time/Mat.","Air Force","YOUNG",0.711832669019268
"145",2009-09-30,"Time/Mat.","Air Force","CARTER
pre-WSARA reg",0.714003796254601
"146",2009-09-30,"Time/Mat.","DLA","YOUNG",0.0590998407447499
"147",2009-09-30,"Time/Mat.","DLA","CARTER
pre-WSARA reg",0.344325104394891
"148",2009-09-30,"Time/Mat.","MDA","YOUNG",0.0329472710543408
"149",2009-09-30,"Time/Mat.","Military
Health","YOUNG",0
"150",2009-09-30,"Time/Mat.","Military
Health","CARTER
pre-WSARA reg",3.06386663780039e-05
"151",2009-09-30,"Time/Mat.","Additional
DoD
Components","YOUNG",0.0948996043840658
"152",2009-09-30,"Time/Mat.","Additional
DoD
Components","CARTER
pre-WSARA reg",0.335875777592552
"153",2009-09-30,"Unlabeled","Army","YOUNG",-0.0457132309049578
"154",2009-09-30,"Unlabeled","Army","CARTER
pre-WSARA reg",-0.0908121079454427
"155",2009-09-30,"Unlabeled","Navy","YOUNG",0.310025805888721
"156",2009-09-30,"Unlabeled","Navy","CARTER
pre-WSARA reg",0.0734316305585625
"157",2009-09-30,"Unlabeled","Air Force","YOUNG",0.000494041827235332
"158",2009-09-30,"Unlabeled","Air Force","CARTER
pre-WSARA reg",-0.0267097325611604
"159",2009-09-30,"Unlabeled","DLA","YOUNG",5.31934401385581e-05
"160",2009-09-30,"Unlabeled","DLA","CARTER
pre-WSARA reg",0.000142466648625244
"161",2009-09-30,"Unlabeled","MDA","YOUNG",0
"162",2009-09-30,"Unlabeled","Additional
DoD
Components","YOUNG",0.00294500804286642
"163",2009-09-30,"Unlabeled","Additional
DoD
Components","CARTER
pre-WSARA reg",-0.000623426142022083
"164",2010-09-30,"Combination","Army","YOUNG",1.72261458100128
"165",2010-09-30,"Combination","Army","CARTER
pre-WSARA reg",1.63160998196406
"166",2010-09-30,"Combination","Navy","YOUNG",1.19495331239837
"167",2010-09-30,"Combination","Navy","CARTER
pre-WSARA reg",1.15921220654686
"168",2010-09-30,"Combination","Air Force","YOUNG",0.180182446095422
"169",2010-09-30,"Combination","Air Force","CARTER
pre-WSARA reg",0.139326086210954
"170",2010-09-30,"Combination","DLA","YOUNG",0.000237372817715019
"171",2010-09-30,"Combination","DLA","CARTER
pre-WSARA reg",0.00295487450791613
"172",2010-09-30,"Combination","MDA","YOUNG",3.10081728712024e-05
"173",2010-09-30,"Combination","Military
Health","YOUNG",0
"174",2010-09-30,"Combination","Military
Health","CARTER
pre-WSARA reg",0
"175",2010-09-30,"Combination","Additional
DoD
Components","YOUNG",0.168086954503637
"176",2010-09-30,"Combination","Additional
DoD
Components","CARTER
pre-WSARA reg",0.0662551655327343
"177",2010-09-30,"Cost+","Army","YOUNG",7.71143215139067
"178",2010-09-30,"Cost+","Army","CARTER
pre-WSARA reg",13.953439489923
"179",2010-09-30,"Cost+","Navy","YOUNG",9.79556701093282
"180",2010-09-30,"Cost+","Navy","CARTER
pre-WSARA reg",15.7528744707317
"181",2010-09-30,"Cost+","Air Force","YOUNG",6.68919260360505
"182",2010-09-30,"Cost+","Air Force","CARTER
pre-WSARA reg",9.91327927853017
"183",2010-09-30,"Cost+","DLA","YOUNG",0.00178607173727
"184",2010-09-30,"Cost+","DLA","CARTER
pre-WSARA reg",0.0523181980744544
"185",2010-09-30,"Cost+","MDA","YOUNG",1.78024136422764
"186",2010-09-30,"Cost+","MDA","CARTER
pre-WSARA reg",1.00845468907788
"187",2010-09-30,"Cost+","Military
Health","YOUNG",0
"188",2010-09-30,"Cost+","Military
Health","CARTER
pre-WSARA reg",0.0589105295250321
"189",2010-09-30,"Cost+","Additional
DoD
Components","YOUNG",0.537839967137356
"190",2010-09-30,"Cost+","Additional
DoD
Components","CARTER
pre-WSARA reg",3.06284380349807
"191",2010-09-30,"Fixed","Army","YOUNG",13.9304508979782
"192",2010-09-30,"Fixed","Army","CARTER
pre-WSARA reg",85.8806882690525
"193",2010-09-30,"Fixed","Navy","YOUNG",9.49491909089516
"194",2010-09-30,"Fixed","Navy","CARTER
pre-WSARA reg",35.0806611000097
"195",2010-09-30,"Fixed","Air Force","YOUNG",6.10499938988019
"196",2010-09-30,"Fixed","Air Force","CARTER
pre-WSARA reg",25.525264008344
"197",2010-09-30,"Fixed","DLA","YOUNG",1.12561180347668
"198",2010-09-30,"Fixed","DLA","CARTER
pre-WSARA reg",35.077461314923
"199",2010-09-30,"Fixed","MDA","YOUNG",0.0686605011874198
"200",2010-09-30,"Fixed","MDA","CARTER
pre-WSARA reg",0.0594722267971759
"201",2010-09-30,"Fixed","Military
Health","YOUNG",1.64483491217373
"202",2010-09-30,"Fixed","Military
Health","CARTER
pre-WSARA reg",0.541609525941378
"203",2010-09-30,"Fixed","Additional
DoD
Components","YOUNG",1.13093747724647
"204",2010-09-30,"Fixed","Additional
DoD
Components","CARTER
pre-WSARA reg",10.7714139151369
"205",2010-09-30,"Other","Army","YOUNG",0.00094191270860077
"206",2010-09-30,"Other","Navy","YOUNG",7.17444266153188e-05
"207",2010-09-30,"Other","Navy","CARTER
pre-WSARA reg",0
"208",2010-09-30,"Time/Mat.","Army","YOUNG",3.19292612991014
"209",2010-09-30,"Time/Mat.","Army","CARTER
pre-WSARA reg",4.85933008669234
"210",2010-09-30,"Time/Mat.","Navy","YOUNG",0.126863787655113
"211",2010-09-30,"Time/Mat.","Navy","CARTER
pre-WSARA reg",0.79951138245614
"212",2010-09-30,"Time/Mat.","Air Force","YOUNG",1.48729220256739
"213",2010-09-30,"Time/Mat.","Air Force","CARTER
pre-WSARA reg",1.58528461337184
"214",2010-09-30,"Time/Mat.","DLA","YOUNG",0.0320274846705178
"215",2010-09-30,"Time/Mat.","DLA","CARTER
pre-WSARA reg",0.610948381964057
"216",2010-09-30,"Time/Mat.","MDA","YOUNG",0.127741282113821
"217",2010-09-30,"Time/Mat.","MDA","CARTER
pre-WSARA reg",0.0189496266581087
"218",2010-09-30,"Time/Mat.","Military
Health","YOUNG",0.00259466315789474
"219",2010-09-30,"Time/Mat.","Additional
DoD
Components","YOUNG",0.388134004792469
"220",2010-09-30,"Time/Mat.","Additional
DoD
Components","CARTER
pre-WSARA reg",0.908177103401797
"221",2010-09-30,"Unlabeled","Army","YOUNG",0.115345820421481
"222",2010-09-30,"Unlabeled","Army","CARTER
pre-WSARA reg",0.021689612173727
"223",2010-09-30,"Unlabeled","Navy","YOUNG",0.00978279027599487
"224",2010-09-30,"Unlabeled","Navy","CARTER
pre-WSARA reg",0.0103867524176294
"225",2010-09-30,"Unlabeled","Air Force","YOUNG",0.00616954525032092
"226",2010-09-30,"Unlabeled","Air Force","CARTER
pre-WSARA reg",0.000256676444159178
"227",2010-09-30,"Unlabeled","DLA","YOUNG",0
"228",2010-09-30,"Unlabeled","DLA","CARTER
pre-WSARA reg",0
"229",2010-09-30,"Unlabeled","MDA","CARTER
pre-WSARA reg",0
"230",2010-09-30,"Unlabeled","Additional
DoD
Components","YOUNG",0.0126813956996149
"231",2010-09-30,"Unlabeled","Additional
DoD
Components","CARTER
pre-WSARA reg",0.00378979715447155
"232",2011-03-15,"Combination","Army","CARTER
pre-WSARA reg",0.322175537903903
"233",2011-03-15,"Combination","Navy","CARTER
pre-WSARA reg",0.228245783623584
"234",2011-03-15,"Combination","Air Force","CARTER
pre-WSARA reg",0.0353370748006714
"235",2011-03-15,"Combination","Additional
DoD
Components","CARTER
pre-WSARA reg",0.137203029962232
"236",2011-03-15,"Cost+","Army","CARTER
pre-WSARA reg",7.27011590031473
"237",2011-03-15,"Cost+","Navy","CARTER
pre-WSARA reg",7.23657217566093
"238",2011-03-15,"Cost+","Air Force","CARTER
pre-WSARA reg",5.23776990400755
"239",2011-03-15,"Cost+","DLA","CARTER
pre-WSARA reg",0.120318526479228
"240",2011-03-15,"Cost+","MDA","CARTER
pre-WSARA reg",0.840280464005455
"241",2011-03-15,"Cost+","Military
Health","CARTER
pre-WSARA reg",0.240865256063785
"242",2011-03-15,"Cost+","Additional
DoD
Components","CARTER
pre-WSARA reg",1.49378338669744
"243",2011-03-15,"Fixed","Army","CARTER
pre-WSARA reg",23.1989767614771
"244",2011-03-15,"Fixed","Navy","CARTER
pre-WSARA reg",14.035928712841
"245",2011-03-15,"Fixed","Air Force","CARTER
pre-WSARA reg",12.2449336988145
"246",2011-03-15,"Fixed","DLA","CARTER
pre-WSARA reg",12.9478289690516
"247",2011-03-15,"Fixed","MDA","CARTER
pre-WSARA reg",0.0414083265946286
"248",2011-03-15,"Fixed","Military
Health","CARTER
pre-WSARA reg",0.375943949863617
"249",2011-03-15,"Fixed","Additional
DoD
Components","CARTER
pre-WSARA reg",5.54041274419849
"250",2011-03-15,"Time/Mat.","Army","CARTER
pre-WSARA reg",1.72103828636173
"251",2011-03-15,"Time/Mat.","Navy","CARTER
pre-WSARA reg",0.277296647408729
"252",2011-03-15,"Time/Mat.","Air Force","CARTER
pre-WSARA reg",0.481366071737306
"253",2011-03-15,"Time/Mat.","DLA","CARTER
pre-WSARA reg",0.234163654794377
"254",2011-03-15,"Time/Mat.","MDA","CARTER
pre-WSARA reg",0.00704175449013848
"255",2011-03-15,"Time/Mat.","Additional
DoD
Components","CARTER
pre-WSARA reg",0.187735238113722
"256",2011-03-15,"Unlabeled","Army","CARTER
pre-WSARA reg",0
"257",2011-03-15,"Unlabeled","Navy","CARTER
pre-WSARA reg",0
"258",2011-03-15,"Unlabeled","Air Force","CARTER
pre-WSARA reg",0
"259",2011-03-15,"Unlabeled","DLA","CARTER
pre-WSARA reg",0
"260",2011-03-15,"Unlabeled","MDA","CARTER
pre-WSARA reg",0
"261",2011-03-15,"Unlabeled","Additional
DoD
Components","CARTER
pre-WSARA reg",0
"262",2011-09-30,"Combination","Army","YOUNG",1.30392948253252
"263",2011-09-30,"Combination","Army","CARTER
pre-WSARA reg",0.542015066900965
"264",2011-09-30,"Combination","Navy","YOUNG",5.44689833561687
"265",2011-09-30,"Combination","Navy","CARTER
pre-WSARA reg",0.445273495719681
"266",2011-09-30,"Combination","Air Force","YOUNG",0.332254770562316
"267",2011-09-30,"Combination","Air Force","CARTER
pre-WSARA reg",0.0682525282626941
"268",2011-09-30,"Combination","DLA","YOUNG",0.00293947298573227
"269",2011-09-30,"Combination","MDA","YOUNG",0
"270",2011-09-30,"Combination","Additional
DoD
Components","YOUNG",0.252096802287033
"271",2011-09-30,"Combination","Additional
DoD
Components","CARTER
pre-WSARA reg",0.254980310616869
"272",2011-09-30,"Cost+","Army","YOUNG",4.1660738848825
"273",2011-09-30,"Cost+","Army","CARTER
pre-WSARA reg",8.62493011519093
"274",2011-09-30,"Cost+","Army","WSARA regs",5.80661943702266
"275",2011-09-30,"Cost+","Navy","YOUNG",11.023378055235
"276",2011-09-30,"Cost+","Navy","CARTER
pre-WSARA reg",7.48656125472094
"277",2011-09-30,"Cost+","Navy","WSARA regs",5.71845637482165
"278",2011-09-30,"Cost+","Air Force","YOUNG",4.96495062673101
"279",2011-09-30,"Cost+","Air Force","CARTER
pre-WSARA reg",3.98665802896559
"280",2011-09-30,"Cost+","Air Force","WSARA regs",4.54176100231851
"281",2011-09-30,"Cost+","DLA","YOUNG",0.00192844958036089
"282",2011-09-30,"Cost+","DLA","CARTER
pre-WSARA reg",-0.030751508980277
"283",2011-09-30,"Cost+","DLA","WSARA regs",0.0370548080675619
"284",2011-09-30,"Cost+","MDA","YOUNG",0.926555826164498
"285",2011-09-30,"Cost+","MDA","CARTER
pre-WSARA reg",0.984657284672681
"286",2011-09-30,"Cost+","MDA","WSARA regs",0.304850130297944
"287",2011-09-30,"Cost+","Military
Health","CARTER
pre-WSARA reg",0.974137375797314
"288",2011-09-30,"Cost+","Military
Health","WSARA regs",0.00746386172891313
"289",2011-09-30,"Cost+","Additional
DoD
Components","YOUNG",0.312844886445657
"290",2011-09-30,"Cost+","Additional
DoD
Components","CARTER
pre-WSARA reg",1.01524190220311
"291",2011-09-30,"Cost+","Additional
DoD
Components","WSARA regs",2.05043453702266
"292",2011-09-30,"Fixed","Army","YOUNG",10.2450943856798
"293",2011-09-30,"Fixed","Army","CARTER
pre-WSARA reg",9.93323719326479
"294",2011-09-30,"Fixed","Army","WSARA regs",43.9258381770457
"295",2011-09-30,"Fixed","Navy","YOUNG",7.0888084650021
"296",2011-09-30,"Fixed","Navy","CARTER
pre-WSARA reg",5.79914413294167
"297",2011-09-30,"Fixed","Navy","WSARA regs",24.6961422745069
"298",2011-09-30,"Fixed","Air Force","YOUNG",2.09008325312631
"299",2011-09-30,"Fixed","Air Force","CARTER
pre-WSARA reg",4.64614634317037
"300",2011-09-30,"Fixed","Air Force","WSARA regs",13.5585786208875
"301",2011-09-30,"Fixed","DLA","YOUNG",0.594997190621066
"302",2011-09-30,"Fixed","DLA","CARTER
pre-WSARA reg",0.782993276657574
"303",2011-09-30,"Fixed","DLA","WSARA regs",22.4097702948699
"304",2011-09-30,"Fixed","MDA","YOUNG",0.0359704013113722
"305",2011-09-30,"Fixed","MDA","CARTER
pre-WSARA reg",0.0275742005035669
"306",2011-09-30,"Fixed","MDA","WSARA regs",0.0287129410721779
"307",2011-09-30,"Fixed","Military
Health","YOUNG",1.87313808129459
"308",2011-09-30,"Fixed","Military
Health","CARTER
pre-WSARA reg",0.0900738468527067
"309",2011-09-30,"Fixed","Military
Health","WSARA regs",0.115987741921947
"310",2011-09-30,"Fixed","Additional
DoD
Components","YOUNG",0.75725779012799
"311",2011-09-30,"Fixed","Additional
DoD
Components","CARTER
pre-WSARA reg",1.05000812219891
"312",2011-09-30,"Fixed","Additional
DoD
Components","WSARA regs",7.34385172503672
"313",2011-09-30,"Other","Army","YOUNG",0
"314",2011-09-30,"Other","Navy","YOUNG",0.00044964171212757
"315",2011-09-30,"Other","DLA","YOUNG",0
"316",2011-09-30,"Time/Mat.","Army","YOUNG",1.01890462972094
"317",2011-09-30,"Time/Mat.","Army","CARTER
pre-WSARA reg",2.07527572256609
"318",2011-09-30,"Time/Mat.","Army","WSARA regs",1.44923595513009
"319",2011-09-30,"Time/Mat.","Navy","YOUNG",0.0338938297524129
"320",2011-09-30,"Time/Mat.","Navy","CARTER
pre-WSARA reg",0.110131749905581
"321",2011-09-30,"Time/Mat.","Navy","WSARA regs",0.239541700230802
"322",2011-09-30,"Time/Mat.","Air Force","YOUNG",0.906503615044062
"323",2011-09-30,"Time/Mat.","Air Force","CARTER
pre-WSARA reg",0.302940037652119
"324",2011-09-30,"Time/Mat.","Air Force","WSARA regs",0.497916553189257
"325",2011-09-30,"Time/Mat.","DLA","YOUNG",0.00902587204154427
"326",2011-09-30,"Time/Mat.","DLA","CARTER
pre-WSARA reg",0.00890253147293328
"327",2011-09-30,"Time/Mat.","DLA","WSARA regs",0.267837439456567
"328",2011-09-30,"Time/Mat.","MDA","YOUNG",0.107733770006295
"329",2011-09-30,"Time/Mat.","MDA","CARTER
pre-WSARA reg",0.00771354695761645
"330",2011-09-30,"Time/Mat.","Military
Health","YOUNG",0.00248266940830885
"331",2011-09-30,"Time/Mat.","Additional
DoD
Components","YOUNG",0.161410118736886
"332",2011-09-30,"Time/Mat.","Additional
DoD
Components","CARTER
pre-WSARA reg",0.271802078944608
"333",2011-09-30,"Time/Mat.","Additional
DoD
Components","WSARA regs",0.278957777958456
"334",2011-09-30,"Unlabeled","Army","YOUNG",0
"335",2011-09-30,"Unlabeled","Army","CARTER
pre-WSARA reg",0
"336",2011-09-30,"Unlabeled","Army","WSARA regs",-1.86980696600923e-07
"337",2011-09-30,"Unlabeled","Navy","YOUNG",0
"338",2011-09-30,"Unlabeled","Navy","CARTER
pre-WSARA reg",0
"339",2011-09-30,"Unlabeled","Navy","WSARA regs",-1.31640788921527e-05
"340",2011-09-30,"Unlabeled","Air Force","YOUNG",0
"341",2011-09-30,"Unlabeled","Air Force","CARTER
pre-WSARA reg",0
"342",2011-09-30,"Unlabeled","Air Force","WSARA regs",0
"343",2011-09-30,"Unlabeled","DLA","YOUNG",0
"344",2011-09-30,"Unlabeled","DLA","WSARA regs",0
"345",2011-09-30,"Unlabeled","MDA","CARTER
pre-WSARA reg",0
"346",2011-09-30,"Unlabeled","Military
Health","WSARA regs",0
"347",2011-09-30,"Unlabeled","Additional
DoD
Components","YOUNG",0
"348",2011-09-30,"Unlabeled","Additional
DoD
Components","CARTER
pre-WSARA reg",0
"349",2011-09-30,"Unlabeled","Additional
DoD
Components","WSARA regs",-8.55112043642467e-05
"350",2012-09-30,"Combination","Army","YOUNG",0.844619462063639
"351",2012-09-30,"Combination","Army","CARTER
pre-WSARA reg",0.905950874050046
"352",2012-09-30,"Combination","Navy","YOUNG",4.74038779565441
"353",2012-09-30,"Combination","Navy","CARTER
pre-WSARA reg",0.319617499093811
"354",2012-09-30,"Combination","Air Force","YOUNG",0.269414547945629
"355",2012-09-30,"Combination","Air Force","CARTER
pre-WSARA reg",0.0929005103902791
"356",2012-09-30,"Combination","Military
Health","YOUNG",0.00271165173514571
"357",2012-09-30,"Combination","Additional
DoD
Components","YOUNG",0.203000868098033
"358",2012-09-30,"Combination","Additional
DoD
Components","CARTER
pre-WSARA reg",0.305748779198847
"359",2012-09-30,"Cost+","Army","YOUNG",1.87392709177222
"360",2012-09-30,"Cost+","Army","CARTER
pre-WSARA reg",8.31724195529812
"361",2012-09-30,"Cost+","Army","WSARA regs",14.0931090218
"362",2012-09-30,"Cost+","Navy","YOUNG",6.79044777129029
"363",2012-09-30,"Cost+","Navy","CARTER
pre-WSARA reg",9.56190586230048
"364",2012-09-30,"Cost+","Navy","WSARA regs",13.3553926625116
"365",2012-09-30,"Cost+","Air Force","YOUNG",3.96384760459273
"366",2012-09-30,"Cost+","Air Force","CARTER
pre-WSARA reg",3.84676823706106
"367",2012-09-30,"Cost+","Air Force","WSARA regs",11.0836375745649
"368",2012-09-30,"Cost+","DLA","YOUNG",4.6339202965709e-05
"369",2012-09-30,"Cost+","DLA","CARTER
pre-WSARA reg",0.0603923833281845
"370",2012-09-30,"Cost+","DLA","WSARA regs",0.058660255854186
"371",2012-09-30,"Cost+","MDA","YOUNG",0.297606140088559
"372",2012-09-30,"Cost+","MDA","CARTER
pre-WSARA reg",1.54509776344352
"373",2012-09-30,"Cost+","MDA","WSARA regs",1.82309413338482
"374",2012-09-30,"Cost+","Military
Health","YOUNG",0.00608435218824014
"375",2012-09-30,"Cost+","Military
Health","CARTER
pre-WSARA reg",4.49808818598497
"376",2012-09-30,"Cost+","Military
Health","WSARA regs",0.0343057331273813
"377",2012-09-30,"Cost+","Additional
DoD
Components","YOUNG",0.137007040243023
"378",2012-09-30,"Cost+","Additional
DoD
Components","CARTER
pre-WSARA reg",1.01887838992895
"379",2012-09-30,"Cost+","Additional
DoD
Components","WSARA regs",3.52078697131088
"380",2012-09-30,"Fixed","Army","YOUNG",5.04155873683452
"381",2012-09-30,"Fixed","Army","CARTER
pre-WSARA reg",9.48714557733622
"382",2012-09-30,"Fixed","Army","WSARA regs",61.9643801100608
"383",2012-09-30,"Fixed","Navy","YOUNG",6.53104736162084
"384",2012-09-30,"Fixed","Navy","CARTER
pre-WSARA reg",9.74535599878488
"385",2012-09-30,"Fixed","Navy","WSARA regs",34.0667957480383
"386",2012-09-30,"Fixed","Air Force","YOUNG",1.20887479718876
"387",2012-09-30,"Fixed","Air Force","CARTER
pre-WSARA reg",6.57571062600278
"388",2012-09-30,"Fixed","Air Force","WSARA regs",36.548715509326
"389",2012-09-30,"Fixed","DLA","YOUNG",0.439513057594481
"390",2012-09-30,"Fixed","DLA","CARTER
pre-WSARA reg",0.778416478385336
"391",2012-09-30,"Fixed","DLA","WSARA regs",42.5304027590771
"392",2012-09-30,"Fixed","MDA","YOUNG",0.0175630553084131
"393",2012-09-30,"Fixed","MDA","CARTER
pre-WSARA reg",0.1290295811142
"394",2012-09-30,"Fixed","MDA","WSARA regs",0.746957825311502
"395",2012-09-30,"Fixed","Military
Health","YOUNG",1.83490241464319
"396",2012-09-30,"Fixed","Military
Health","CARTER
pre-WSARA reg",0.14997389974256
"397",2012-09-30,"Fixed","Military
Health","WSARA regs",0.479212087230975
"398",2012-09-30,"Fixed","Additional
DoD
Components","YOUNG",0.51393288566574
"399",2012-09-30,"Fixed","Additional
DoD
Components","CARTER
pre-WSARA reg",1.86069868769385
"400",2012-09-30,"Fixed","Additional
DoD
Components","WSARA regs",13.3657679376376
"401",2012-09-30,"Other","Army","YOUNG",-5.44092884357945e-05
"402",2012-09-30,"Other","Navy","YOUNG",0.000260348388425497
"403",2012-09-30,"Other","Navy","CARTER
pre-WSARA reg",0
"404",2012-09-30,"Other","DLA","YOUNG",0
"405",2012-09-30,"Time/Mat.","Army","YOUNG",0.242605332591906
"406",2012-09-30,"Time/Mat.","Army","CARTER
pre-WSARA reg",1.73134152364329
"407",2012-09-30,"Time/Mat.","Army","WSARA regs",2.73808078897127
"408",2012-09-30,"Time/Mat.","Navy","YOUNG",0.0212285231593039
"409",2012-09-30,"Time/Mat.","Navy","CARTER
pre-WSARA reg",0.00126845059211204
"410",2012-09-30,"Time/Mat.","Navy","WSARA regs",0.293430999660179
"411",2012-09-30,"Time/Mat.","Air Force","YOUNG",0.308372528534651
"412",2012-09-30,"Time/Mat.","Air Force","CARTER
pre-WSARA reg",0.363944617773659
"413",2012-09-30,"Time/Mat.","Air Force","WSARA regs",0.881949411059623
"414",2012-09-30,"Time/Mat.","DLA","YOUNG",0.00363671656883946
"415",2012-09-30,"Time/Mat.","DLA","CARTER
pre-WSARA reg",0.00960075890227577
"416",2012-09-30,"Time/Mat.","DLA","WSARA regs",0.427910765595716
"417",2012-09-30,"Time/Mat.","MDA","YOUNG",0.0428490795283699
"418",2012-09-30,"Time/Mat.","MDA","CARTER
pre-WSARA reg",0.00445734727628463
"419",2012-09-30,"Time/Mat.","MDA","WSARA regs",0.00140907836474102
"420",2012-09-30,"Time/Mat.","Military
Health","YOUNG",0.00253036449387293
"421",2012-09-30,"Time/Mat.","Military
Health","CARTER
pre-WSARA reg",2.05952013180929e-05
"422",2012-09-30,"Time/Mat.","Military
Health","WSARA regs",0.0308822581711461
"423",2012-09-30,"Time/Mat.","Additional
DoD
Components","YOUNG",0.0988286099680774
"424",2012-09-30,"Time/Mat.","Additional
DoD
Components","CARTER
pre-WSARA reg",0.17537904017094
"425",2012-09-30,"Time/Mat.","Additional
DoD
Components","WSARA regs",0.306732833250953
"426",2012-09-30,"Unlabeled","Army","YOUNG",0
"427",2012-09-30,"Unlabeled","Army","CARTER
pre-WSARA reg",0
"428",2012-09-30,"Unlabeled","Army","WSARA regs",0
"429",2012-09-30,"Unlabeled","Navy","YOUNG",0
"430",2012-09-30,"Unlabeled","Navy","CARTER
pre-WSARA reg",0
"431",2012-09-30,"Unlabeled","Navy","WSARA regs",5.44010915456699e-05
"432",2012-09-30,"Unlabeled","Air Force","YOUNG",0
"433",2012-09-30,"Unlabeled","Air Force","CARTER
pre-WSARA reg",0
"434",2012-09-30,"Unlabeled","Air Force","WSARA regs",0
"435",2012-09-30,"Unlabeled","DLA","WSARA regs",0
"436",2012-09-30,"Unlabeled","MDA","CARTER
pre-WSARA reg",0
"437",2012-09-30,"Unlabeled","MDA","WSARA regs",0
"438",2012-09-30,"Unlabeled","Military
Health","WSARA regs",0
"439",2012-09-30,"Unlabeled","Additional
DoD
Components","YOUNG",0
"440",2012-09-30,"Unlabeled","Additional
DoD
Components","CARTER
pre-WSARA reg",0
"441",2012-09-30,"Unlabeled","Additional
DoD
Components","WSARA regs",-0.00029737781896818
"442",2013-04-23,"Cost+","Army","WSARA regs",6.07779923590647
"443",2013-04-23,"Cost+","Navy","WSARA regs",7.42621418708541
"444",2013-04-23,"Cost+","Air Force","WSARA regs",6.63207286253265
"445",2013-04-23,"Cost+","DLA","WSARA regs",0.0299718244096679
"446",2013-04-23,"Cost+","MDA","WSARA regs",1.1514515386403
"447",2013-04-23,"Cost+","Military
Health","WSARA regs",0.268201651254697
"448",2013-04-23,"Cost+","Additional
DoD
Components","WSARA regs",1.63692088258465
"449",2013-04-23,"Fixed","Army","WSARA regs",21.1260833386805
"450",2013-04-23,"Fixed","Navy","WSARA regs",19.7076206610375
"451",2013-04-23,"Fixed","Air Force","WSARA regs",14.7534809945164
"452",2013-04-23,"Fixed","DLA","WSARA regs",15.6355868583024
"453",2013-04-23,"Fixed","MDA","WSARA regs",0.375322910464608
"454",2013-04-23,"Fixed","Military
Health","WSARA regs",0.159352182542094
"455",2013-04-23,"Fixed","Additional
DoD
Components","WSARA regs",5.8812074714444
"456",2013-04-23,"Time/Mat.","Army","WSARA regs",0.869133064346197
"457",2013-04-23,"Time/Mat.","Navy","WSARA regs",0.138868964139129
"458",2013-04-23,"Time/Mat.","Air Force","WSARA regs",0.247722542061948
"459",2013-04-23,"Time/Mat.","DLA","WSARA regs",0.0111545558314207
"460",2013-04-23,"Time/Mat.","MDA","WSARA regs",0.0009543477550523
"461",2013-04-23,"Time/Mat.","Military
Health","WSARA regs",0.0205459780948512
"462",2013-04-23,"Time/Mat.","Additional
DoD
Components","WSARA regs",0.0989881787640906
"463",2013-04-23,"Unlabeled","Army","WSARA regs",0
"464",2013-04-23,"Unlabeled","Navy","WSARA regs",0
"465",2013-04-23,"Unlabeled","Air Force","WSARA regs",0
"466",2013-04-23,"Unlabeled","DLA","WSARA regs",0
"467",2013-04-23,"Unlabeled","MDA","WSARA regs",0
"468",2013-04-23,"Unlabeled","Military
Health","WSARA regs",0
"469",2013-04-23,"Unlabeled","Additional
DoD
Components","WSARA regs",-9.38880369655733e-05
"470",2013-09-30,"Combination","Army","YOUNG",0.646098080612471
"471",2013-09-30,"Combination","Army","CARTER
pre-WSARA reg",0.424908778364984
"472",2013-09-30,"Combination","Navy","YOUNG",3.36109684793267
"473",2013-09-30,"Combination","Navy","CARTER
pre-WSARA reg",0.225484218882502
"474",2013-09-30,"Combination","Navy","BBP2",0
"475",2013-09-30,"Combination","Air Force","YOUNG",0.192853062713821
"476",2013-09-30,"Combination","Air Force","CARTER
pre-WSARA reg",0.071984380242612
"477",2013-09-30,"Combination","DLA","YOUNG",0.00118437338153752
"478",2013-09-30,"Combination","Military
Health","YOUNG",0
"479",2013-09-30,"Combination","Additional
DoD
Components","YOUNG",0.0616093600754545
"480",2013-09-30,"Combination","Additional
DoD
Components","CARTER
pre-WSARA reg",0.19666800778298
"481",2013-09-30,"Combination","Additional
DoD
Components","BBP2",-1.99861886869097e-06
"482",2013-09-30,"Cost+","Army","YOUNG",1.27827722426556
"483",2013-09-30,"Cost+","Army","CARTER
pre-WSARA reg",7.7356337585882
"484",2013-09-30,"Cost+","Army","WSARA regs",5.06673939597786
"485",2013-09-30,"Cost+","Army","BBP2",3.32656823888078
"486",2013-09-30,"Cost+","Navy","YOUNG",3.26070410383873
"487",2013-09-30,"Cost+","Navy","CARTER
pre-WSARA reg",4.61156030458546
"488",2013-09-30,"Cost+","Navy","WSARA regs",6.03205006790159
"489",2013-09-30,"Cost+","Navy","BBP2",4.0043022069279
"490",2013-09-30,"Cost+","Air Force","YOUNG",2.86670730024221
"491",2013-09-30,"Cost+","Air Force","CARTER
pre-WSARA reg",2.09636531285447
"492",2013-09-30,"Cost+","Air Force","WSARA regs",3.35144084908287
"493",2013-09-30,"Cost+","Air Force","BBP2",2.26207174631959
"494",2013-09-30,"Cost+","DLA","YOUNG",0.00118004163704682
"495",2013-09-30,"Cost+","DLA","CARTER
pre-WSARA reg",0.0203881854232761
"496",2013-09-30,"Cost+","DLA","WSARA regs",0.0235074507215396
"497",2013-09-30,"Cost+","DLA","BBP2",0.00865776913537118
"498",2013-09-30,"Cost+","MDA","YOUNG",0.0989796174916218
"499",2013-09-30,"Cost+","MDA","CARTER
pre-WSARA reg",1.06356884609028
"500",2013-09-30,"Cost+","MDA","WSARA regs",1.40759956047355
"501",2013-09-30,"Cost+","MDA","BBP2",0.111030277559155
"502",2013-09-30,"Cost+","Military
Health","YOUNG",0.000428750571239972
"503",2013-09-30,"Cost+","Military
Health","CARTER
pre-WSARA reg",6.4713025770325
"504",2013-09-30,"Cost+","Military
Health","WSARA regs",0.857681189456281
"505",2013-09-30,"Cost+","Military
Health","BBP2",0.031559756636539
"506",2013-09-30,"Cost+","Additional
DoD
Components","YOUNG",0.0313229752945059
"507",2013-09-30,"Cost+","Additional
DoD
Components","CARTER
pre-WSARA reg",0.494855365512542
"508",2013-09-30,"Cost+","Additional
DoD
Components","WSARA regs",1.18480109977008
"509",2013-09-30,"Cost+","Additional
DoD
Components","BBP2",0.994104019961714
"510",2013-09-30,"Fixed","Army","YOUNG",1.27703691042734
"511",2013-09-30,"Fixed","Army","CARTER
pre-WSARA reg",4.18941714797949
"512",2013-09-30,"Fixed","Army","WSARA regs",9.18699094417437
"513",2013-09-30,"Fixed","Army","BBP2",23.6226370079845
"514",2013-09-30,"Fixed","Navy","YOUNG",2.82217911306103
"515",2013-09-30,"Fixed","Navy","CARTER
pre-WSARA reg",6.86193449016106
"516",2013-09-30,"Fixed","Navy","WSARA regs",14.0087545228284
"517",2013-09-30,"Fixed","Navy","BBP2",14.1417209869759
"518",2013-09-30,"Fixed","Air Force","YOUNG",0.81956276034772
"519",2013-09-30,"Fixed","Air Force","CARTER
pre-WSARA reg",4.32777064660384
"520",2013-09-30,"Fixed","Air Force","WSARA regs",5.28670695994394
"521",2013-09-30,"Fixed","Air Force","BBP2",8.42750545758048
"522",2013-09-30,"Fixed","DLA","YOUNG",0.319854260989032
"523",2013-09-30,"Fixed","DLA","CARTER
pre-WSARA reg",0.11300969053661
"524",2013-09-30,"Fixed","DLA","WSARA regs",0.775633061194475
"525",2013-09-30,"Fixed","DLA","BBP2",17.2286014481269
"526",2013-09-30,"Fixed","MDA","YOUNG",0.000168875017162588
"527",2013-09-30,"Fixed","MDA","CARTER
pre-WSARA reg",0.109607652295217
"528",2013-09-30,"Fixed","MDA","WSARA regs",0.282849927714228
"529",2013-09-30,"Fixed","MDA","BBP2",0.00551774235665685
"530",2013-09-30,"Fixed","Military
Health","YOUNG",1.89559182569392
"531",2013-09-30,"Fixed","Military
Health","CARTER
pre-WSARA reg",0.336678345114553
"532",2013-09-30,"Fixed","Military
Health","WSARA regs",0.043370933676145
"533",2013-09-30,"Fixed","Military
Health","BBP2",0.356527759863106
"534",2013-09-30,"Fixed","Additional
DoD
Components","YOUNG",0.151952615850614
"535",2013-09-30,"Fixed","Additional
DoD
Components","CARTER
pre-WSARA reg",1.28147458629146
"536",2013-09-30,"Fixed","Additional
DoD
Components","WSARA regs",1.27885440251356
"537",2013-09-30,"Fixed","Additional
DoD
Components","BBP2",3.83527970455418
"538",2013-09-30,"Other","Navy","YOUNG",0.000347202762262618
"539",2013-09-30,"Other","Navy","CARTER
pre-WSARA reg",0
"540",2013-09-30,"Other","DLA","YOUNG",0
"541",2013-09-30,"Time/Mat.","Army","YOUNG",-0.0187747002372296
"542",2013-09-30,"Time/Mat.","Army","CARTER
pre-WSARA reg",0.469082824369656
"543",2013-09-30,"Time/Mat.","Army","WSARA regs",0.637339137112623
"544",2013-09-30,"Time/Mat.","Army","BBP2",0.629403385874175
"545",2013-09-30,"Time/Mat.","Navy","YOUNG",-0.00140165217071189
"546",2013-09-30,"Time/Mat.","Navy","CARTER
pre-WSARA reg",0.0106572761917335
"547",2013-09-30,"Time/Mat.","Navy","WSARA regs",0.0455394158216716
"548",2013-09-30,"Time/Mat.","Navy","BBP2",0.0790673715502183
"549",2013-09-30,"Time/Mat.","Air Force","YOUNG",-0.033421338987712
"550",2013-09-30,"Time/Mat.","Air Force","CARTER
pre-WSARA reg",0.111888592197014
"551",2013-09-30,"Time/Mat.","Air Force","WSARA regs",0.169213396315629
"552",2013-09-30,"Time/Mat.","Air Force","BBP2",0.079927806203006
"553",2013-09-30,"Time/Mat.","DLA","YOUNG",0.000857241940184828
"554",2013-09-30,"Time/Mat.","DLA","CARTER
pre-WSARA reg",0.000362589642226059
"555",2013-09-30,"Time/Mat.","DLA","WSARA regs",0.00216564455255408
"556",2013-09-30,"Time/Mat.","DLA","BBP2",0.0103793685766223
"557",2013-09-30,"Time/Mat.","MDA","YOUNG",0.020693218575099
"558",2013-09-30,"Time/Mat.","MDA","CARTER
pre-WSARA reg",0.00422651338925561
"559",2013-09-30,"Time/Mat.","Military
Health","YOUNG",0.00260407486544125
"560",2013-09-30,"Time/Mat.","Military
Health","CARTER
pre-WSARA reg",0
"561",2013-09-30,"Time/Mat.","Military
Health","WSARA regs",0.00788922489082969
"562",2013-09-30,"Time/Mat.","Additional
DoD
Components","YOUNG",-0.0188535336424292
"563",2013-09-30,"Time/Mat.","Additional
DoD
Components","CARTER
pre-WSARA reg",0.126683722476795
"564",2013-09-30,"Time/Mat.","Additional
DoD
Components","WSARA regs",0.0470338039702447
"565",2013-09-30,"Time/Mat.","Additional
DoD
Components","BBP2",0.0387311520262009
"566",2013-09-30,"Unlabeled","Army","YOUNG",0
"567",2013-09-30,"Unlabeled","Army","CARTER
pre-WSARA reg",0
"568",2013-09-30,"Unlabeled","Army","WSARA regs",0
"569",2013-09-30,"Unlabeled","Army","BBP2",-1.70972885142683e-06
"570",2013-09-30,"Unlabeled","Navy","YOUNG",0
"571",2013-09-30,"Unlabeled","Navy","CARTER
pre-WSARA reg",0
"572",2013-09-30,"Unlabeled","Navy","WSARA regs",0
"573",2013-09-30,"Unlabeled","Navy","BBP2",0
"574",2013-09-30,"Unlabeled","Air Force","YOUNG",0
"575",2013-09-30,"Unlabeled","Air Force","CARTER
pre-WSARA reg",0
"576",2013-09-30,"Unlabeled","Air Force","WSARA regs",0
"577",2013-09-30,"Unlabeled","Air Force","BBP2",0
"578",2013-09-30,"Unlabeled","DLA","BBP2",0
"579",2013-09-30,"Unlabeled","MDA","CARTER
pre-WSARA reg",0
"580",2013-09-30,"Unlabeled","MDA","WSARA regs",0
"581",2013-09-30,"Unlabeled","Military
Health","WSARA regs",0
"582",2013-09-30,"Unlabeled","Additional
DoD
Components","YOUNG",0
"583",2013-09-30,"Unlabeled","Additional
DoD
Components","CARTER
pre-WSARA reg",0
"584",2013-09-30,"Unlabeled","Additional
DoD
Components","WSARA regs",0
"585",2013-09-30,"Unlabeled","Additional
DoD
Components","BBP2",-8.22895298060323e-06
"586",2014-09-18,"Combination","Navy","BBP2",0
"587",2014-09-18,"Combination","Additional
DoD
Components","BBP2",-9.64912e-06
"588",2014-09-18,"Cost+","Army","BBP2",7.4802688284651
"589",2014-09-18,"Cost+","Navy","BBP2",10.6479023574322
"590",2014-09-18,"Cost+","Air Force","BBP2",8.3171456355822
"591",2014-09-18,"Cost+","DLA","BBP2",0.0249209371226
"592",2014-09-18,"Cost+","MDA","BBP2",0.9810450431949
"593",2014-09-18,"Cost+","Military
Health","BBP2",0.0414034857603
"594",2014-09-18,"Cost+","Additional
DoD
Components","BBP2",2.6136917886272
"595",2014-09-18,"Fixed","Army","BBP2",33.3635791506153
"596",2014-09-18,"Fixed","Navy","BBP2",27.741329789727
"597",2014-09-18,"Fixed","Air Force","BBP2",18.7358686805103
"598",2014-09-18,"Fixed","DLA","BBP2",28.724821946595
"599",2014-09-18,"Fixed","MDA","BBP2",0.2589907482712
"600",2014-09-18,"Fixed","Military
Health","BBP2",2.1505159124502
"601",2014-09-18,"Fixed","Additional
DoD
Components","BBP2",8.1026885201831
"602",2014-09-18,"Other","Army","BBP2",0
"603",2014-09-18,"Other","Air Force","BBP2",0
"604",2014-09-18,"Time/Mat.","Army","BBP2",0.5812198926057
"605",2014-09-18,"Time/Mat.","Navy","BBP2",0.1621197813176
"606",2014-09-18,"Time/Mat.","Air Force","BBP2",0.2160478198046
"607",2014-09-18,"Time/Mat.","DLA","BBP2",0.0030646010425
"608",2014-09-18,"Time/Mat.","Military
Health","BBP2",0.00384711076
"609",2014-09-18,"Time/Mat.","Additional
DoD
Components","BBP2",0.1435323162526
"610",2014-09-18,"Unlabeled","Army","BBP2",0
"611",2014-09-18,"Unlabeled","Navy","BBP2",0
"612",2014-09-18,"Unlabeled","Air Force","BBP2",0
"613",2014-09-18,"Unlabeled","DLA","BBP2",0
"614",2014-09-18,"Unlabeled","MDA","BBP2",0
"615",2014-09-18,"Unlabeled","Military
Health","BBP2",0
"616",2014-09-18,"Unlabeled","Additional
DoD
Components","BBP2",0
"617",2014-09-30,"Combination","Army","YOUNG",0.2636235205673
"618",2014-09-30,"Combination","Army","CARTER
pre-WSARA reg",0.0697076914108
"619",2014-09-30,"Combination","Navy","YOUNG",0.1668578246267
"620",2014-09-30,"Combination","Navy","CARTER
pre-WSARA reg",0.1392766180002
"621",2014-09-30,"Combination","Air Force","YOUNG",0.0757402399113
"622",2014-09-30,"Combination","Air Force","CARTER
pre-WSARA reg",0.0544524936583
"623",2014-09-30,"Combination","MDA","YOUNG",-3.9075e-06
"624",2014-09-30,"Combination","Military
Health","YOUNG",0
"625",2014-09-30,"Combination","Additional
DoD
Components","YOUNG",-0.0256252703884
"626",2014-09-30,"Combination","Additional
DoD
Components","CARTER
pre-WSARA reg",-0.007929020231
"627",2014-09-30,"Cost+","Army","YOUNG",0.8873486377626
"628",2014-09-30,"Cost+","Army","CARTER
pre-WSARA reg",3.1996355921099
"629",2014-09-30,"Cost+","Army","WSARA regs",4.7099619134453
"630",2014-09-30,"Cost+","Navy","YOUNG",3.5870831366509
"631",2014-09-30,"Cost+","Navy","CARTER
pre-WSARA reg",3.734656857204
"632",2014-09-30,"Cost+","Navy","WSARA regs",12.9682053659988
"633",2014-09-30,"Cost+","Air Force","YOUNG",2.4097010244812
"634",2014-09-30,"Cost+","Air Force","CARTER
pre-WSARA reg",3.1100607178484
"635",2014-09-30,"Cost+","Air Force","WSARA regs",3.7893282848233
"636",2014-09-30,"Cost+","DLA","YOUNG",-1.18987187e-05
"637",2014-09-30,"Cost+","DLA","CARTER
pre-WSARA reg",0.0037076395195
"638",2014-09-30,"Cost+","DLA","WSARA regs",0.0192568337243
"639",2014-09-30,"Cost+","MDA","YOUNG",0.0352689131645
"640",2014-09-30,"Cost+","MDA","CARTER
pre-WSARA reg",0.6762056251774
"641",2014-09-30,"Cost+","MDA","WSARA regs",2.7905206924578
"642",2014-09-30,"Cost+","Military
Health","CARTER
pre-WSARA reg",6.6238477016848
"643",2014-09-30,"Cost+","Military
Health","WSARA regs",3.0136798378089
"644",2014-09-30,"Cost+","Additional
DoD
Components","YOUNG",-0.1155908004003
"645",2014-09-30,"Cost+","Additional
DoD
Components","CARTER
pre-WSARA reg",0.328595397811
"646",2014-09-30,"Cost+","Additional
DoD
Components","WSARA regs",1.3280397368936
"647",2014-09-30,"Fixed","Army","YOUNG",0.6048099067761
"648",2014-09-30,"Fixed","Army","CARTER
pre-WSARA reg",2.0828012329638
"649",2014-09-30,"Fixed","Army","WSARA regs",11.4700809640426
"650",2014-09-30,"Fixed","Navy","YOUNG",1.843538207278
"651",2014-09-30,"Fixed","Navy","CARTER
pre-WSARA reg",3.5969005423925
"652",2014-09-30,"Fixed","Navy","WSARA regs",11.5295611819787
"653",2014-09-30,"Fixed","Air Force","YOUNG",0.4868933193332
"654",2014-09-30,"Fixed","Air Force","CARTER
pre-WSARA reg",2.8012046955335
"655",2014-09-30,"Fixed","Air Force","WSARA regs",8.9059169839341
"656",2014-09-30,"Fixed","DLA","YOUNG",0.1621769137303
"657",2014-09-30,"Fixed","DLA","CARTER
pre-WSARA reg",0.1260474853526
"658",2014-09-30,"Fixed","DLA","WSARA regs",0.811593977899
"659",2014-09-30,"Fixed","MDA","YOUNG",-0.0006619143144
"660",2014-09-30,"Fixed","MDA","CARTER
pre-WSARA reg",0.1569904120067
"661",2014-09-30,"Fixed","MDA","WSARA regs",0.3379279472226
"662",2014-09-30,"Fixed","Military
Health","YOUNG",0.7667509032672
"663",2014-09-30,"Fixed","Military
Health","CARTER
pre-WSARA reg",0.3410060876321
"664",2014-09-30,"Fixed","Military
Health","WSARA regs",0.0369448449982
"665",2014-09-30,"Fixed","Additional
DoD
Components","YOUNG",-0.0848555273564
"666",2014-09-30,"Fixed","Additional
DoD
Components","CARTER
pre-WSARA reg",0.9027427827951
"667",2014-09-30,"Fixed","Additional
DoD
Components","WSARA regs",2.0638402626983
"668",2014-09-30,"Other","Navy","YOUNG",0.000316255613
"669",2014-09-30,"Time/Mat.","Army","YOUNG",-0.0662924949017
"670",2014-09-30,"Time/Mat.","Army","CARTER
pre-WSARA reg",0.2052687709164
"671",2014-09-30,"Time/Mat.","Army","WSARA regs",0.7068041615436
"672",2014-09-30,"Time/Mat.","Navy","YOUNG",-0.0116535101948
"673",2014-09-30,"Time/Mat.","Navy","CARTER
pre-WSARA reg",0.0047306169203
"674",2014-09-30,"Time/Mat.","Navy","WSARA regs",0.0256453152232
"675",2014-09-30,"Time/Mat.","Air Force","YOUNG",-0.0339147565447
"676",2014-09-30,"Time/Mat.","Air Force","CARTER
pre-WSARA reg",0.0392167231299
"677",2014-09-30,"Time/Mat.","Air Force","WSARA regs",0.1056856310275
"678",2014-09-30,"Time/Mat.","DLA","YOUNG",-0.0004432034794
"679",2014-09-30,"Time/Mat.","DLA","CARTER
pre-WSARA reg",0.0004367078438
"680",2014-09-30,"Time/Mat.","DLA","WSARA regs",0.0076930491186
"681",2014-09-30,"Time/Mat.","MDA","YOUNG",0.0162469906623
"682",2014-09-30,"Time/Mat.","MDA","CARTER
pre-WSARA reg",0.0048400192046
"683",2014-09-30,"Time/Mat.","MDA","WSARA regs",0.0018444818027
"684",2014-09-30,"Time/Mat.","Military
Health","YOUNG",0.001284
"685",2014-09-30,"Time/Mat.","Military
Health","WSARA regs",0.026753380805
"686",2014-09-30,"Time/Mat.","Additional
DoD
Components","YOUNG",-0.0314195414098
"687",2014-09-30,"Time/Mat.","Additional
DoD
Components","CARTER
pre-WSARA reg",0.0068741169057
"688",2014-09-30,"Time/Mat.","Additional
DoD
Components","WSARA regs",0.0630190405326
"689",2014-09-30,"Unlabeled","Army","YOUNG",0
"690",2014-09-30,"Unlabeled","Army","CARTER
pre-WSARA reg",0
"691",2014-09-30,"Unlabeled","Army","WSARA regs",0
"692",2014-09-30,"Unlabeled","Navy","YOUNG",0
"693",2014-09-30,"Unlabeled","Navy","CARTER
pre-WSARA reg",0
"694",2014-09-30,"Unlabeled","Navy","WSARA regs",0
"695",2014-09-30,"Unlabeled","Air Force","YOUNG",0
"696",2014-09-30,"Unlabeled","Air Force","CARTER
pre-WSARA reg",0
"697",2014-09-30,"Unlabeled","Air Force","WSARA regs",0
"698",2014-09-30,"Unlabeled","DLA","WSARA regs",0
"699",2014-09-30,"Unlabeled","MDA","CARTER
pre-WSARA reg",0
"700",2014-09-30,"Unlabeled","MDA","WSARA regs",0
"701",2014-09-30,"Unlabeled","Military
Health","WSARA regs",0
"702",2014-09-30,"Unlabeled","Additional
DoD
Components","YOUNG",0
"703",2014-09-30,"Unlabeled","Additional
DoD
Components","CARTER
pre-WSARA reg",0
"704",2014-09-30,"Unlabeled","Additional
DoD
Components","WSARA regs",0
