"","Fiscal.Year","Vendor.Size.sum","SubCustomer.component","USDATL","Obligation.2014"
"1",2007-09-30,"Large","Army","YOUNG",4.97271160393984
"2",2007-09-30,"Large","Navy","YOUNG",3.88120667489056
"3",2007-09-30,"Large","Air Force","YOUNG",2.75594073828713
"4",2007-09-30,"Large","DLA","YOUNG",3.51538327576608
"5",2007-09-30,"Large","MDA","YOUNG",0.00592780334493209
"6",2007-09-30,"Large","Military
Health","YOUNG",0.000136043506566394
"7",2007-09-30,"Large","Additional
DoD
Components","YOUNG",0.78073397262319
"8",2007-09-30,"Large (Big 6)","Army","YOUNG",2.29245217623751
"9",2007-09-30,"Large (Big 6)","Navy","YOUNG",2.45581654370861
"10",2007-09-30,"Large (Big 6)","Air Force","YOUNG",2.45463675851386
"11",2007-09-30,"Large (Big 6)","DLA","YOUNG",0.159735418935908
"12",2007-09-30,"Large (Big 6)","MDA","YOUNG",0.00612746885172298
"13",2007-09-30,"Large (Big 6)","Additional
DoD
Components","YOUNG",0.329719029565608
"14",2007-09-30,"Medium","Army","YOUNG",7.51956992084409
"15",2007-09-30,"Medium","Navy","YOUNG",3.25619808671007
"16",2007-09-30,"Medium","Air Force","YOUNG",2.23043527480076
"17",2007-09-30,"Medium","DLA","YOUNG",1.55989366276799
"18",2007-09-30,"Medium","MDA","YOUNG",0.00466600965315973
"19",2007-09-30,"Medium","Military
Health","YOUNG",9.66285553934224e-05
"20",2007-09-30,"Medium","Additional
DoD
Components","YOUNG",0.381265298260186
"21",2007-09-30,"Small","Army","YOUNG",7.65368687895387
"22",2007-09-30,"Small","Navy","YOUNG",3.67216672101021
"23",2007-09-30,"Small","Air Force","YOUNG",3.00122808490291
"24",2007-09-30,"Small","DLA","YOUNG",1.43800518378045
"25",2007-09-30,"Small","MDA","YOUNG",0.015431907262319
"26",2007-09-30,"Small","Military
Health","YOUNG",0.000938767852733191
"27",2007-09-30,"Small","Additional
DoD
Components","YOUNG",0.432125553069929
"28",2007-09-30,"Unlabeled","Army","YOUNG",2.57841310103266
"29",2007-09-30,"Unlabeled","Navy","YOUNG",0.0762384862386351
"30",2007-09-30,"Unlabeled","Air Force","YOUNG",0.105570489976428
"31",2007-09-30,"Unlabeled","DLA","YOUNG",0.000638677741609608
"32",2007-09-30,"Unlabeled","Additional
DoD
Components","YOUNG",0.00108237865080256
"33",2008-09-30,"Large","Army","YOUNG",31.9700594625488
"34",2008-09-30,"Large","Navy","YOUNG",18.9193475904555
"35",2008-09-30,"Large","Air Force","YOUNG",9.80112720237527
"36",2008-09-30,"Large","DLA","YOUNG",19.6856298461714
"37",2008-09-30,"Large","MDA","YOUNG",0.0442262347830803
"38",2008-09-30,"Large","Military
Health","YOUNG",0.342613742895879
"39",2008-09-30,"Large","Additional
DoD
Components","YOUNG",6.53021167677874
"40",2008-09-30,"Large (Big 6)","Army","YOUNG",19.4945218018113
"41",2008-09-30,"Large (Big 6)","Navy","YOUNG",14.8027988484165
"42",2008-09-30,"Large (Big 6)","Air Force","YOUNG",12.3839518010738
"43",2008-09-30,"Large (Big 6)","DLA","YOUNG",1.00524312780911
"44",2008-09-30,"Large (Big 6)","MDA","YOUNG",0.527516057006508
"45",2008-09-30,"Large (Big 6)","Military
Health","YOUNG",-0.000194027754880694
"46",2008-09-30,"Large (Big 6)","Additional
DoD
Components","YOUNG",1.09274286366594
"47",2008-09-30,"Medium","Army","YOUNG",29.3552106954989
"48",2008-09-30,"Medium","Navy","YOUNG",12.6011954933731
"49",2008-09-30,"Medium","Air Force","YOUNG",6.07259664714751
"50",2008-09-30,"Medium","DLA","YOUNG",9.21296160712581
"51",2008-09-30,"Medium","MDA","YOUNG",0.0815230432321041
"52",2008-09-30,"Medium","Military
Health","YOUNG",0.0460188670715835
"53",2008-09-30,"Medium","Additional
DoD
Components","YOUNG",1.77899443584599
"54",2008-09-30,"Small","Army","YOUNG",22.4811982420499
"55",2008-09-30,"Small","Navy","YOUNG",10.4850668579913
"56",2008-09-30,"Small","Air Force","YOUNG",6.87257372949024
"57",2008-09-30,"Small","DLA","YOUNG",7.4111115926898
"58",2008-09-30,"Small","MDA","YOUNG",0.115860667993492
"59",2008-09-30,"Small","Military
Health","YOUNG",0.00256127140997831
"60",2008-09-30,"Small","Additional
DoD
Components","YOUNG",1.76730864942516
"61",2008-09-30,"Unlabeled","Army","YOUNG",8.46990911015184
"62",2008-09-30,"Unlabeled","Navy","YOUNG",0.0776944644251627
"63",2008-09-30,"Unlabeled","Air Force","YOUNG",0.154828770488069
"64",2008-09-30,"Unlabeled","DLA","YOUNG",0.0707101377440347
"65",2008-09-30,"Unlabeled","Additional
DoD
Components","YOUNG",0.00145340774403471
"66",2009-09-30,"Large","Army","YOUNG",26.7814385844339
"67",2009-09-30,"Large","Army","CARTER",14.4121316969799
"68",2009-09-30,"Large","Navy","YOUNG",10.4550556412102
"69",2009-09-30,"Large","Navy","CARTER",5.4329132798766
"70",2009-09-30,"Large","Air Force","YOUNG",7.5103840355813
"71",2009-09-30,"Large","Air Force","CARTER",3.45302867410695
"72",2009-09-30,"Large","DLA","YOUNG",14.2649668204914
"73",2009-09-30,"Large","DLA","CARTER",8.1162154113228
"74",2009-09-30,"Large","MDA","YOUNG",0.1401777203399
"75",2009-09-30,"Large","MDA","CARTER",0.00426975277116259
"76",2009-09-30,"Large","Military
Health","YOUNG",0.671450950887638
"77",2009-09-30,"Large","Military
Health","CARTER",0.000464344533448798
"78",2009-09-30,"Large","Additional
DoD
Components","YOUNG",4.91046950148301
"79",2009-09-30,"Large","Additional
DoD
Components","CARTER",2.56746474222776
"80",2009-09-30,"Large (Big 6)","Army","YOUNG",16.4992802629682
"81",2009-09-30,"Large (Big 6)","Army","CARTER",4.21340077675904
"82",2009-09-30,"Large (Big 6)","Navy","YOUNG",21.1822544444252
"83",2009-09-30,"Large (Big 6)","Navy","CARTER",3.52521356392076
"84",2009-09-30,"Large (Big 6)","Air Force","YOUNG",15.6863488484087
"85",2009-09-30,"Large (Big 6)","Air Force","CARTER",5.11693079118857
"86",2009-09-30,"Large (Big 6)","DLA","YOUNG",0.513550786165837
"87",2009-09-30,"Large (Big 6)","DLA","CARTER",1.07113040247889
"88",2009-09-30,"Large (Big 6)","MDA","YOUNG",1.65447945336653
"89",2009-09-30,"Large (Big 6)","MDA","CARTER",0.0175139510716605
"90",2009-09-30,"Large (Big 6)","Additional
DoD
Components","YOUNG",1.04438213777874
"91",2009-09-30,"Large (Big 6)","Additional
DoD
Components","CARTER",0.801362154882009
"92",2009-09-30,"Medium","Army","YOUNG",17.6512503797792
"93",2009-09-30,"Medium","Army","CARTER",15.9361989564408
"94",2009-09-30,"Medium","Navy","YOUNG",7.93925807416107
"95",2009-09-30,"Medium","Navy","CARTER",7.17247343023382
"96",2009-09-30,"Medium","Air Force","YOUNG",5.14482829378653
"97",2009-09-30,"Medium","Air Force","CARTER",3.1810812262178
"98",2009-09-30,"Medium","DLA","YOUNG",4.38053706978783
"99",2009-09-30,"Medium","DLA","CARTER",5.09743661736307
"100",2009-09-30,"Medium","MDA","YOUNG",0.190325418001732
"101",2009-09-30,"Medium","MDA","CARTER",0.00329549576748214
"102",2009-09-30,"Medium","Military
Health","YOUNG",0.887341361539294
"103",2009-09-30,"Medium","Military
Health","CARTER",0.0300691075665729
"104",2009-09-30,"Medium","Additional
DoD
Components","YOUNG",1.81754747658584
"105",2009-09-30,"Medium","Additional
DoD
Components","CARTER",0.762639288341632
"106",2009-09-30,"Small","Army","YOUNG",11.9491170847478
"107",2009-09-30,"Small","Army","CARTER",15.090313857848
"108",2009-09-30,"Small","Navy","YOUNG",6.56859790307426
"109",2009-09-30,"Small","Navy","CARTER",6.24360126001299
"110",2009-09-30,"Small","Air Force","YOUNG",4.04369888640431
"111",2009-09-30,"Small","Air Force","CARTER",4.46721230980732
"112",2009-09-30,"Small","DLA","YOUNG",4.11833233598181
"113",2009-09-30,"Small","DLA","CARTER",2.72845680175363
"114",2009-09-30,"Small","MDA","YOUNG",0.10783604774843
"115",2009-09-30,"Small","MDA","CARTER",0.0448673002706214
"116",2009-09-30,"Small","Military
Health","YOUNG",0.000633587410694956
"117",2009-09-30,"Small","Military
Health","CARTER",0.00205567705130981
"118",2009-09-30,"Small","Additional
DoD
Components","YOUNG",1.38472027794977
"119",2009-09-30,"Small","Additional
DoD
Components","CARTER",1.04999111447283
"120",2009-09-30,"Unlabeled","Army","YOUNG",2.08917690601862
"121",2009-09-30,"Unlabeled","Army","CARTER",3.26057303326478
"122",2009-09-30,"Unlabeled","Navy","YOUNG",0.0528914122429097
"123",2009-09-30,"Unlabeled","Navy","CARTER",0.0284804814245508
"124",2009-09-30,"Unlabeled","Air Force","YOUNG",0.0498824468716172
"125",2009-09-30,"Unlabeled","Air Force","CARTER",0.124730354373241
"126",2009-09-30,"Unlabeled","DLA","YOUNG",6.23890452478892e-05
"127",2009-09-30,"Unlabeled","DLA","CARTER",0.000217704048495345
"128",2009-09-30,"Unlabeled","Additional
DoD
Components","YOUNG",0.000879473479108032
"129",2009-09-30,"Unlabeled","Additional
DoD
Components","CARTER",0.000504434823554882
"130",2010-09-30,"Large","Army","YOUNG",10.2186033255777
"131",2010-09-30,"Large","Army","CARTER",33.9475255773
"132",2010-09-30,"Large","Navy","YOUNG",3.54511546463415
"133",2010-09-30,"Large","Navy","CARTER",15.5312587191271
"134",2010-09-30,"Large","Air Force","YOUNG",3.66176065109114
"135",2010-09-30,"Large","Air Force","CARTER",7.8379844542576
"136",2010-09-30,"Large","DLA","YOUNG",0.128365763799743
"137",2010-09-30,"Large","DLA","CARTER",18.3763187035944
"138",2010-09-30,"Large","MDA","YOUNG",0.0859899633290543
"139",2010-09-30,"Large","MDA","CARTER",0.0206085438596491
"140",2010-09-30,"Large","Military
Health","YOUNG",0.796458127021823
"141",2010-09-30,"Large","Military
Health","CARTER",0.434070143549422
"142",2010-09-30,"Large","Additional
DoD
Components","YOUNG",0.708618025545571
"143",2010-09-30,"Large","Additional
DoD
Components","CARTER",7.8746730283804
"144",2010-09-30,"Large (Big 6)","Army","YOUNG",8.94555861881686
"145",2010-09-30,"Large (Big 6)","Army","CARTER",13.3764026967908
"146",2010-09-30,"Large (Big 6)","Navy","YOUNG",12.2906133531451
"147",2010-09-30,"Large (Big 6)","Navy","CARTER",13.4454459413671
"148",2010-09-30,"Large (Big 6)","Air Force","YOUNG",7.29843499414848
"149",2010-09-30,"Large (Big 6)","Air Force","CARTER",15.0759249272679
"150",2010-09-30,"Large (Big 6)","DLA","YOUNG",0.151192312312794
"151",2010-09-30,"Large (Big 6)","DLA","CARTER",1.58919542011125
"152",2010-09-30,"Large (Big 6)","MDA","YOUNG",1.69105816921267
"153",2010-09-30,"Large (Big 6)","MDA","CARTER",0.924160969052204
"154",2010-09-30,"Large (Big 6)","Additional
DoD
Components","YOUNG",0.420334170261018
"155",2010-09-30,"Large (Big 6)","Additional
DoD
Components","CARTER",1.85038260778776
"156",2010-09-30,"Medium","Army","YOUNG",4.46634837442234
"157",2010-09-30,"Medium","Army","CARTER",30.052549963201
"158",2010-09-30,"Medium","Navy","YOUNG",2.99369823157766
"159",2010-09-30,"Medium","Navy","CARTER",12.1278985587826
"160",2010-09-30,"Medium","Air Force","YOUNG",2.29044134060762
"161",2010-09-30,"Medium","Air Force","CARTER",7.36504195564827
"162",2010-09-30,"Medium","DLA","YOUNG",0.775275851080445
"163",2010-09-30,"Medium","DLA","CARTER",8.24196836255884
"164",2010-09-30,"Medium","MDA","YOUNG",0.110493171469833
"165",2010-09-30,"Medium","MDA","CARTER",0.0446239934852375
"166",2010-09-30,"Medium","Military
Health","YOUNG",0.850574256290116
"167",2010-09-30,"Medium","Military
Health","CARTER",0.163071973513051
"168",2010-09-30,"Medium","Additional
DoD
Components","YOUNG",0.7134759966089
"169",2010-09-30,"Medium","Additional
DoD
Components","CARTER",2.62709400078092
"170",2010-09-30,"Small","Army","YOUNG",2.73010003412495
"171",2010-09-30,"Small","Army","CARTER",24.64794903589
"172",2010-09-30,"Small","Navy","YOUNG",1.78879738551562
"173",2010-09-30,"Small","Navy","CARTER",11.6543313646867
"174",2010-09-30,"Small","Air Force","YOUNG",1.21674113196406
"175",2010-09-30,"Small","Air Force","CARTER",6.51664403012409
"176",2010-09-30,"Small","DLA","YOUNG",0.1048288055092
"177",2010-09-30,"Small","DLA","CARTER",7.53570391371416
"178",2010-09-30,"Small","MDA","YOUNG",0.0891328516902011
"179",2010-09-30,"Small","MDA","CARTER",0.0974830361360719
"180",2010-09-30,"Small","Military
Health","YOUNG",0.000397192019683355
"181",2010-09-30,"Small","Military
Health","CARTER",0.00337793840393667
"182",2010-09-30,"Small","Additional
DoD
Components","YOUNG",0.395250045624733
"183",2010-09-30,"Small","Additional
DoD
Components","CARTER",2.45868236494437
"184",2010-09-30,"Unlabeled","Army","YOUNG",0.313101140468549
"185",2010-09-30,"Unlabeled","Army","CARTER",4.32233016662388
"186",2010-09-30,"Unlabeled","Navy","YOUNG",0.00393330171159606
"187",2010-09-30,"Unlabeled","Navy","CARTER",0.0437113281985451
"188",2010-09-30,"Unlabeled","Air Force","YOUNG",0.00045806958707745
"189",2010-09-30,"Unlabeled","Air Force","CARTER",0.367815295603338
"190",2010-09-30,"Unlabeled","DLA","CARTER",0.000496369490800171
"191",2010-09-30,"Unlabeled","Additional
DoD
Components","YOUNG",1.56133932391955e-06
"192",2010-09-30,"Unlabeled","Additional
DoD
Components","CARTER",0.00164778283055199
"193",2011-09-30,"Large","Army","YOUNG",5.55701198214436
"194",2011-09-30,"Large","Army","CARTER",14.3049214288712
"195",2011-09-30,"Large","Army","KENDALL",18.1113222914603
"196",2011-09-30,"Large","Navy","YOUNG",3.25832063595258
"197",2011-09-30,"Large","Navy","CARTER",6.58832298879564
"198",2011-09-30,"Large","Navy","KENDALL",10.9606945966114
"199",2011-09-30,"Large","Air Force","YOUNG",2.24033998921527
"200",2011-09-30,"Large","Air Force","CARTER",3.40389891548468
"201",2011-09-30,"Large","Air Force","KENDALL",6.9316395294167
"202",2011-09-30,"Large","DLA","YOUNG",0.123734636099454
"203",2011-09-30,"Large","DLA","CARTER",1.39327014692614
"204",2011-09-30,"Large","DLA","KENDALL",14.7625638543223
"205",2011-09-30,"Large","MDA","YOUNG",0.042923272156945
"206",2011-09-30,"Large","MDA","CARTER",0.0111116430969366
"207",2011-09-30,"Large","MDA","KENDALL",0.102194094712547
"208",2011-09-30,"Large","Military
Health","YOUNG",0.988246606745699
"209",2011-09-30,"Large","Military
Health","CARTER",1.33085284468107
"210",2011-09-30,"Large","Military
Health","KENDALL",0.280966623227025
"211",2011-09-30,"Large","Additional
DoD
Components","YOUNG",0.459677062903903
"212",2011-09-30,"Large","Additional
DoD
Components","CARTER",2.17355198561687
"213",2011-09-30,"Large","Additional
DoD
Components","KENDALL",8.03602030067667
"214",2011-09-30,"Large (Big 6)","Army","YOUNG",7.60017258779899
"215",2011-09-30,"Large (Big 6)","Army","CARTER",5.25301558553294
"216",2011-09-30,"Large (Big 6)","Army","KENDALL",9.72046783293118
"217",2011-09-30,"Large (Big 6)","Navy","YOUNG",17.0730357260596
"218",2011-09-30,"Large (Big 6)","Navy","CARTER",8.49446223336131
"219",2011-09-30,"Large (Big 6)","Navy","KENDALL",12.7719993029689
"220",2011-09-30,"Large (Big 6)","Air Force","YOUNG",3.68968452009022
"221",2011-09-30,"Large (Big 6)","Air Force","CARTER",7.67178854682123
"222",2011-09-30,"Large (Big 6)","Air Force","KENDALL",11.4090955812736
"223",2011-09-30,"Large (Big 6)","DLA","YOUNG",0.00837189006504406
"224",2011-09-30,"Large (Big 6)","DLA","CARTER",0.12886058701217
"225",2011-09-30,"Large (Big 6)","DLA","KENDALL",1.84437321425724
"226",2011-09-30,"Large (Big 6)","MDA","YOUNG",0.868610285994545
"227",2011-09-30,"Large (Big 6)","MDA","CARTER",1.23077721067982
"228",2011-09-30,"Large (Big 6)","MDA","KENDALL",0.505561609074696
"229",2011-09-30,"Large (Big 6)","Additional
DoD
Components","YOUNG",0.336824896747797
"230",2011-09-30,"Large (Big 6)","Additional
DoD
Components","CARTER",1.31302536212757
"231",2011-09-30,"Large (Big 6)","Additional
DoD
Components","KENDALL",1.74202913190306
"232",2011-09-30,"Medium","Army","YOUNG",1.84921633053924
"233",2011-09-30,"Medium","Army","CARTER",7.55595699065254
"234",2011-09-30,"Medium","Army","KENDALL",22.910501005812
"235",2011-09-30,"Medium","Navy","YOUNG",1.88874555772136
"236",2011-09-30,"Medium","Navy","CARTER",3.37413352720311
"237",2011-09-30,"Medium","Navy","KENDALL",10.9670586929501
"238",2011-09-30,"Medium","Air Force","YOUNG",1.50013539792279
"239",2011-09-30,"Medium","Air Force","CARTER",2.74914953498741
"240",2011-09-30,"Medium","Air Force","KENDALL",6.39560902238775
"241",2011-09-30,"Medium","DLA","YOUNG",0.438385164624423
"242",2011-09-30,"Medium","DLA","CARTER",1.30476510332564
"243",2011-09-30,"Medium","DLA","KENDALL",9.84426814136592
"244",2011-09-30,"Medium","MDA","YOUNG",0.0580427595782627
"245",2011-09-30,"Medium","MDA","CARTER",0.0423266187683592
"246",2011-09-30,"Medium","MDA","KENDALL",0.154514152633235
"247",2011-09-30,"Medium","Military
Health","YOUNG",0.887262697775913
"248",2011-09-30,"Medium","Military
Health","CARTER",0.133220212568191
"249",2011-09-30,"Medium","Military
Health","KENDALL",0.0531855336970206
"250",2011-09-30,"Medium","Additional
DoD
Components","YOUNG",0.419648935176248
"251",2011-09-30,"Medium","Additional
DoD
Components","CARTER",0.866220166177088
"252",2011-09-30,"Medium","Additional
DoD
Components","KENDALL",2.25681926485522
"253",2011-09-30,"Small","Army","YOUNG",1.67410641506504
"254",2011-09-30,"Small","Army","CARTER",4.41230775367184
"255",2011-09-30,"Small","Army","KENDALL",18.5714671969786
"256",2011-09-30,"Small","Navy","YOUNG",1.37274934840537
"257",2011-09-30,"Small","Navy","CARTER",3.09259466460344
"258",2011-09-30,"Small","Navy","KENDALL",9.94010998037138
"259",2011-09-30,"Small","Air Force","YOUNG",0.862220573783047
"260",2011-09-30,"Small","Air Force","CARTER",1.81840999974822
"261",2011-09-30,"Small","Air Force","KENDALL",4.89394022413974
"262",2011-09-30,"Small","DLA","YOUNG",0.0383992944397818
"263",2011-09-30,"Small","DLA","CARTER",1.06736155143726
"264",2011-09-30,"Small","DLA","KENDALL",6.43255532608057
"265",2011-09-30,"Small","MDA","YOUNG",0.100683679752413
"266",2011-09-30,"Small","MDA","CARTER",0.0598418041859001
"267",2011-09-30,"Small","MDA","KENDALL",0.135911515442719
"268",2011-09-30,"Small","Military
Health","YOUNG",0.000111446181284096
"269",2011-09-30,"Small","Military
Health","CARTER",0.000341612861938733
"270",2011-09-30,"Small","Military
Health","KENDALL",0.00590520519303399
"271",2011-09-30,"Small","Additional
DoD
Components","YOUNG",0.267491141240034
"272",2011-09-30,"Small","Additional
DoD
Components","CARTER",0.754190416575745
"273",2011-09-30,"Small","Additional
DoD
Components","KENDALL",2.48167189839488
"274",2011-09-30,"Unlabeled","Army","YOUNG",0.0534950672681494
"275",2011-09-30,"Unlabeled","Army","CARTER",0.550383177245069
"276",2011-09-30,"Unlabeled","Army","KENDALL",3.47911470304238
"277",2011-09-30,"Unlabeled","Navy","YOUNG",0.000577059179605539
"278",2011-09-30,"Unlabeled","Navy","CARTER",0.00633479370541334
"279",2011-09-30,"Unlabeled","Navy","KENDALL",0.0775703577318506
"280",2011-09-30,"Unlabeled","Air Force","YOUNG",0.00141178445237096
"281",2011-09-30,"Unlabeled","Air Force","CARTER",0.120455388816618
"282",2011-09-30,"Unlabeled","Air Force","KENDALL",0.207673120730172
"283",2011-09-30,"Unlabeled","DLA","KENDALL",0.000100067142257658
"284",2011-09-30,"Unlabeled","Additional
DoD
Components","YOUNG",-3.24384704154427e-05
"285",2011-09-30,"Unlabeled","Additional
DoD
Components","CARTER",-3.80072073017205e-05
"286",2011-09-30,"Unlabeled","Additional
DoD
Components","KENDALL",0.000834822629039026
"287",2012-09-30,"Large","Army","YOUNG",2.61994276363917
"288",2012-09-30,"Large","Army","CARTER",7.32229522048193
"289",2012-09-30,"Large","Army","KENDALL",19.9636762879621
"290",2012-09-30,"Large","Navy","YOUNG",3.30231098252497
"291",2012-09-30,"Large","Navy","CARTER",5.79575702813305
"292",2012-09-30,"Large","Navy","KENDALL",14.8246024710637
"293",2012-09-30,"Large","Air Force","YOUNG",1.35743948837401
"294",2012-09-30,"Large","Air Force","CARTER",2.00739805711049
"295",2012-09-30,"Large","Air Force","KENDALL",8.50488562320853
"296",2012-09-30,"Large","DLA","YOUNG",0.0383086107300999
"297",2012-09-30,"Large","DLA","CARTER",0.453587664112862
"298",2012-09-30,"Large","DLA","KENDALL",21.5505139986304
"299",2012-09-30,"Large","MDA","YOUNG",-0.000491382947173309
"300",2012-09-30,"Large","MDA","CARTER",0.00522300170940171
"301",2012-09-30,"Large","MDA","KENDALL",0.215008723365256
"302",2012-09-30,"Large","Military
Health","YOUNG",1.01246771992586
"303",2012-09-30,"Large","Military
Health","CARTER",3.04330688947585
"304",2012-09-30,"Large","Military
Health","KENDALL",1.83341289855834
"305",2012-09-30,"Large","Additional
DoD
Components","YOUNG",0.32612026167233
"306",2012-09-30,"Large","Additional
DoD
Components","CARTER",0.859589736916795
"307",2012-09-30,"Large","Additional
DoD
Components","KENDALL",8.14923224133447
"308",2012-09-30,"Large (Big 6)","Army","YOUNG",2.9056070399135
"309",2012-09-30,"Large (Big 6)","Army","CARTER",3.80280388031099
"310",2012-09-30,"Large (Big 6)","Army","KENDALL",17.3396701618989
"311",2012-09-30,"Large (Big 6)","Navy","YOUNG",12.5392358596746
"312",2012-09-30,"Large (Big 6)","Navy","CARTER",7.09327229624138
"313",2012-09-30,"Large (Big 6)","Navy","KENDALL",13.3963717963392
"314",2012-09-30,"Large (Big 6)","Air Force","YOUNG",2.74151578697354
"315",2012-09-30,"Large (Big 6)","Air Force","CARTER",4.4491610266193
"316",2012-09-30,"Large (Big 6)","Air Force","KENDALL",27.0220986496962
"317",2012-09-30,"Large (Big 6)","DLA","YOUNG",0.0020628359489239
"318",2012-09-30,"Large (Big 6)","DLA","CARTER",0.00412311165688395
"319",2012-09-30,"Large (Big 6)","DLA","KENDALL",1.90759209415096
"320",2012-09-30,"Large (Big 6)","MDA","YOUNG",0.284482106291834
"321",2012-09-30,"Large (Big 6)","MDA","CARTER",0.98453242785501
"322",2012-09-30,"Large (Big 6)","MDA","KENDALL",2.3954705377613
"323",2012-09-30,"Large (Big 6)","Military
Health","CARTER",0
"324",2012-09-30,"Large (Big 6)","Military
Health","KENDALL",0.00929137384409433
"325",2012-09-30,"Large (Big 6)","Additional
DoD
Components","YOUNG",0.185953005035527
"326",2012-09-30,"Large (Big 6)","Additional
DoD
Components","CARTER",0.53151580639481
"327",2012-09-30,"Large (Big 6)","Additional
DoD
Components","KENDALL",2.34827461880342
"328",2012-09-30,"Medium","Army","YOUNG",1.45015008439914
"329",2012-09-30,"Medium","Army","CARTER",2.97580941517866
"330",2012-09-30,"Medium","Army","KENDALL",22.6825186414787
"331",2012-09-30,"Medium","Navy","YOUNG",1.32109293020286
"332",2012-09-30,"Medium","Navy","CARTER",1.40134643144887
"333",2012-09-30,"Medium","Navy","KENDALL",11.9110548213366
"334",2012-09-30,"Medium","Air Force","YOUNG",1.12564307884873
"335",2012-09-30,"Medium","Air Force","CARTER",0.925168618360622
"336",2012-09-30,"Medium","Air Force","KENDALL",8.89753518056843
"337",2012-09-30,"Medium","DLA","YOUNG",0.371248808598497
"338",2012-09-30,"Medium","DLA","CARTER",0.164897492801977
"339",2012-09-30,"Medium","DLA","KENDALL",11.2309821503139
"340",2012-09-30,"Medium","MDA","YOUNG",0.00600333406446298
"341",2012-09-30,"Medium","MDA","CARTER",0.0135985272165585
"342",2012-09-30,"Medium","MDA","KENDALL",0.370761845700752
"343",2012-09-30,"Medium","Military
Health","YOUNG",0.833111364380599
"344",2012-09-30,"Medium","Military
Health","CARTER",0.00256373489856863
"345",2012-09-30,"Medium","Military
Health","KENDALL",0.217427560457213
"346",2012-09-30,"Medium","Additional
DoD
Components","YOUNG",0.336617862630007
"347",2012-09-30,"Medium","Additional
DoD
Components","CARTER",0.770198745813613
"348",2012-09-30,"Medium","Additional
DoD
Components","KENDALL",4.13925814871795
"349",2012-09-30,"Small","Army","YOUNG",1.0025935472248
"350",2012-09-30,"Small","Army","CARTER",2.30560258697477
"351",2012-09-30,"Small","Army","KENDALL",20.1431039224282
"352",2012-09-30,"Small","Navy","YOUNG",0.916536631129647
"353",2012-09-30,"Small","Navy","CARTER",1.35693657869426
"354",2012-09-30,"Small","Navy","KENDALL",11.5181886037998
"355",2012-09-30,"Small","Air Force","YOUNG",0.524093166893214
"356",2012-09-30,"Small","Air Force","CARTER",0.685026597796313
"357",2012-09-30,"Small","Air Force","KENDALL",6.66384889036145
"358",2012-09-30,"Small","DLA","YOUNG",0.0315758580887653
"359",2012-09-30,"Small","DLA","CARTER",0.0771294790958707
"360",2012-09-30,"Small","DLA","KENDALL",8.47654678298836
"361",2012-09-30,"Small","MDA","YOUNG",0.0680242175162187
"362",2012-09-30,"Small","MDA","CARTER",0.0685992887653177
"363",2012-09-30,"Small","MDA","KENDALL",0.196851376521471
"364",2012-09-30,"Small","Military
Health","YOUNG",0.00064969875399032
"365",2012-09-30,"Small","Military
Health","CARTER",0.003933181278962
"366",2012-09-30,"Small","Military
Health","KENDALL",0.0825079337864278
"367",2012-09-30,"Small","Additional
DoD
Components","YOUNG",0.103802762496138
"368",2012-09-30,"Small","Additional
DoD
Components","CARTER",0.442281324147874
"369",2012-09-30,"Small","Additional
DoD
Components","KENDALL",3.31241181559057
"370",2012-09-30,"Unlabeled","Army","YOUNG",0.0243627787972402
"371",2012-09-30,"Unlabeled","Army","CARTER",0.119000614797652
"372",2012-09-30,"Unlabeled","Army","KENDALL",2.58276911964782
"373",2012-09-30,"Unlabeled","Navy","YOUNG",0.00419539658119658
"374",2012-09-30,"Unlabeled","Navy","CARTER",0.000106120018535681
"375",2012-09-30,"Unlabeled","Navy","KENDALL",0.0461854749974256
"376",2012-09-30,"Unlabeled","Air Force","YOUNG",0.00181795717227886
"377",2012-09-30,"Unlabeled","Air Force","CARTER",0.00448625550406755
"378",2012-09-30,"Unlabeled","Air Force","KENDALL",0.23401758695294
"379",2012-09-30,"Unlabeled","DLA","KENDALL",1.06273916177531e-05
"380",2012-09-30,"Unlabeled","Military
Health","KENDALL",3.91871588919782e-05
"381",2012-09-30,"Unlabeled","Additional
DoD
Components","YOUNG",0.000275512140871177
"382",2012-09-30,"Unlabeled","Additional
DoD
Components","CARTER",-0.000386147986819071
"383",2012-09-30,"Unlabeled","Additional
DoD
Components","KENDALL",0.00131897164040779
"384",2013-09-30,"Large","Army","YOUNG",1.21515189678227
"385",2013-09-30,"Large","Army","CARTER",6.99757178699502
"386",2013-09-30,"Large","Army","KENDALL",17.6930445009015
"387",2013-09-30,"Large","Navy","YOUNG",2.2192710822154
"388",2013-09-30,"Large","Navy","CARTER",1.97853956134335
"389",2013-09-30,"Large","Navy","KENDALL",17.9853213765805
"390",2013-09-30,"Large","Air Force","YOUNG",0.935555370375444
"391",2013-09-30,"Large","Air Force","CARTER",1.03700001078765
"392",2013-09-30,"Large","Air Force","KENDALL",8.6310602437974
"393",2013-09-30,"Large","DLA","YOUNG",0.025960992238956
"394",2013-09-30,"Large","DLA","CARTER",0.0426368197616533
"395",2013-09-30,"Large","DLA","KENDALL",13.9910312172216
"396",2013-09-30,"Large","MDA","YOUNG",0.00809812259733929
"397",2013-09-30,"Large","MDA","CARTER",0.00235175586473037
"398",2013-09-30,"Large","MDA","KENDALL",0.307385914402762
"399",2013-09-30,"Large","Military
Health","YOUNG",1.07704936466812
"400",2013-09-30,"Large","Military
Health","CARTER",2.94962881809648
"401",2013-09-30,"Large","Military
Health","KENDALL",5.01470797547324
"402",2013-09-30,"Large","Additional
DoD
Components","YOUNG",0.0674626735147761
"403",2013-09-30,"Large","Additional
DoD
Components","CARTER",0.642147093504519
"404",2013-09-30,"Large","Additional
DoD
Components","KENDALL",5.74383938654565
"405",2013-09-30,"Large (Big 6)","Army","YOUNG",1.05574386858688
"406",2013-09-30,"Large (Big 6)","Army","CARTER",1.51789818390241
"407",2013-09-30,"Large (Big 6)","Army","KENDALL",17.6303766585554
"408",2013-09-30,"Large (Big 6)","Navy","YOUNG",6.01302519177455
"409",2013-09-30,"Large (Big 6)","Navy","CARTER",4.4060966533072
"410",2013-09-30,"Large (Big 6)","Navy","KENDALL",29.1641625687673
"411",2013-09-30,"Large (Big 6)","Air Force","YOUNG",1.80074874485315
"412",2013-09-30,"Large (Big 6)","Air Force","CARTER",1.79196705197624
"413",2013-09-30,"Large (Big 6)","Air Force","KENDALL",20.540388088488
"414",2013-09-30,"Large (Big 6)","DLA","YOUNG",-0.000186391388747842
"415",2013-09-30,"Large (Big 6)","DLA","CARTER",0.000364722248806743
"416",2013-09-30,"Large (Big 6)","DLA","KENDALL",1.60715920507962
"417",2013-09-30,"Large (Big 6)","MDA","YOUNG",0.0904320926682238
"418",2013-09-30,"Large (Big 6)","MDA","CARTER",0.808595751188992
"419",2013-09-30,"Large (Big 6)","MDA","KENDALL",2.68779642721519
"420",2013-09-30,"Large (Big 6)","Military
Health","KENDALL",0.00281044074337362
"421",2013-09-30,"Large (Big 6)","Additional
DoD
Components","YOUNG",0.0299856725638265
"422",2013-09-30,"Large (Big 6)","Additional
DoD
Components","CARTER",0.224134242845029
"423",2013-09-30,"Large (Big 6)","Additional
DoD
Components","KENDALL",2.32708781574368
"424",2013-09-30,"Medium","Army","YOUNG",0.502124137616431
"425",2013-09-30,"Medium","Army","CARTER",1.39470080322606
"426",2013-09-30,"Medium","Army","KENDALL",19.0396767975036
"427",2013-09-30,"Medium","Navy","YOUNG",0.659984990884736
"428",2013-09-30,"Medium","Navy","CARTER",0.930003844107647
"429",2013-09-30,"Medium","Navy","KENDALL",11.217077519172
"430",2013-09-30,"Medium","Air Force","YOUNG",0.952707666347009
"431",2013-09-30,"Medium","Air Force","CARTER",0.465480724577435
"432",2013-09-30,"Medium","Air Force","KENDALL",8.89341128231136
"433",2013-09-30,"Medium","DLA","YOUNG",0.296700223077282
"434",2013-09-30,"Medium","DLA","CARTER",-0.00695467075931756
"435",2013-09-30,"Medium","DLA","KENDALL",10.593518484328
"436",2013-09-30,"Medium","MDA","YOUNG",-0.00149253325622017
"437",2013-09-30,"Medium","MDA","CARTER",0.00747602430720016
"438",2013-09-30,"Medium","MDA","KENDALL",0.392907081755662
"439",2013-09-30,"Medium","Military
Health","YOUNG",0.82050286309739
"440",2013-09-30,"Medium","Military
Health","CARTER",0.00221742393642734
"441",2013-09-30,"Medium","Military
Health","KENDALL",0.419046256322636
"442",2013-09-30,"Medium","Additional
DoD
Components","YOUNG",0.0888831342891236
"443",2013-09-30,"Medium","Additional
DoD
Components","CARTER",0.55244867761897
"444",2013-09-30,"Medium","Additional
DoD
Components","KENDALL",4.14165866152778
"445",2013-09-30,"Small","Army","YOUNG",0.414139651077892
"446",2013-09-30,"Small","Army","CARTER",1.36581243776064
"447",2013-09-30,"Small","Army","KENDALL",16.3880569712132
"448",2013-09-30,"Small","Navy","YOUNG",0.54896483612877
"449",2013-09-30,"Small","Navy","CARTER",0.916558537180461
"450",2013-09-30,"Small","Navy","KENDALL",10.663378956941
"451",2013-09-30,"Small","Air Force","YOUNG",0.156087506543922
"452",2013-09-30,"Small","Air Force","CARTER",0.379062505497309
"453",2013-09-30,"Small","Air Force","KENDALL",5.90270453836265
"454",2013-09-30,"Small","DLA","YOUNG",0.000601094020310755
"455",2013-09-30,"Small","DLA","CARTER",0.068845280485427
"456",2013-09-30,"Small","DLA","KENDALL",7.56280088946857
"457",2013-09-30,"Small","MDA","YOUNG",0.0228040290745405
"458",2013-09-30,"Small","MDA","CARTER",0.0335332908117193
"459",2013-09-30,"Small","MDA","KENDALL",0.272083071192038
"460",2013-09-30,"Small","Military
Health","YOUNG",0.00107242336508581
"461",2013-09-30,"Small","Military
Health","CARTER",0.00294959486767543
"462",2013-09-30,"Small","Military
Health","KENDALL",0.161716821810805
"463",2013-09-30,"Small","Additional
DoD
Components","YOUNG",0.0396999372104194
"464",2013-09-30,"Small","Additional
DoD
Components","CARTER",0.226178680707017
"465",2013-09-30,"Small","Additional
DoD
Components","KENDALL",3.23506586805443
"466",2013-09-30,"Unlabeled","Army","YOUNG",-0.00452203899532853
"467",2013-09-30,"Unlabeled","Army","CARTER",0.00855816287387022
"468",2013-09-30,"Unlabeled","Army","KENDALL",1.32603824557926
"469",2013-09-30,"Unlabeled","Navy","YOUNG",0.00167951442053417
"470",2013-09-30,"Unlabeled","Navy","CARTER",0.000222515419010866
"471",2013-09-30,"Unlabeled","Navy","KENDALL",0.0324131412699299
"472",2013-09-30,"Unlabeled","Air Force","YOUNG",0.00060249619650655
"473",2013-09-30,"Unlabeled","Air Force","CARTER",0.00306161050655022
"474",2013-09-30,"Unlabeled","Air Force","KENDALL",0.174015490149893
"475",2013-09-30,"Unlabeled","DLA","KENDALL",1.64986187671372e-05
"476",2013-09-30,"Unlabeled","Military
Health","KENDALL",3.22673109576521e-05
"477",2013-09-30,"Unlabeled","Additional
DoD
Components","CARTER",-1.44787244846146e-06
"478",2013-09-30,"Unlabeled","Additional
DoD
Components","KENDALL",0.00293930336945263
"479",2014-09-30,"Large","Army","YOUNG",0.605195762215
"480",2014-09-30,"Large","Army","CARTER",2.6376744973586
"481",2014-09-30,"Large","Army","KENDALL",14.4084178924553
"482",2014-09-30,"Large","Navy","YOUNG",2.749623252185
"483",2014-09-30,"Large","Navy","CARTER",1.5590041439058
"484",2014-09-30,"Large","Navy","KENDALL",16.3358761818062
"485",2014-09-30,"Large","Air Force","YOUNG",0.5464800270998
"486",2014-09-30,"Large","Air Force","CARTER",0.807111039039
"487",2014-09-30,"Large","Air Force","KENDALL",8.7457017306329
"488",2014-09-30,"Large","DLA","YOUNG",-0.0013707501097
"489",2014-09-30,"Large","DLA","CARTER",0.0255302951943
"490",2014-09-30,"Large","DLA","KENDALL",14.7503049409591
"491",2014-09-30,"Large","MDA","YOUNG",0.0296265811636
"492",2014-09-30,"Large","MDA","CARTER",-4.75693e-06
"493",2014-09-30,"Large","MDA","KENDALL",0.360633205621
"494",2014-09-30,"Large","Military
Health","YOUNG",0.8038557731672
"495",2014-09-30,"Large","Military
Health","CARTER",3.1216523783018
"496",2014-09-30,"Large","Military
Health","KENDALL",7.4829895522927
"497",2014-09-30,"Large","Additional
DoD
Components","YOUNG",-0.0920360924892
"498",2014-09-30,"Large","Additional
DoD
Components","CARTER",0.3358399522413
"499",2014-09-30,"Large","Additional
DoD
Components","KENDALL",5.1589151428218
"500",2014-09-30,"Large (Big 6)","Army","YOUNG",0.6276965871849
"501",2014-09-30,"Large (Big 6)","Army","CARTER",0.3006033337572
"502",2014-09-30,"Large (Big 6)","Army","KENDALL",15.7616903184372
"503",2014-09-30,"Large (Big 6)","Navy","YOUNG",2.5172268294937
"504",2014-09-30,"Large (Big 6)","Navy","CARTER",1.5169769391379
"505",2014-09-30,"Large (Big 6)","Navy","KENDALL",29.2723260246072
"506",2014-09-30,"Large (Big 6)","Air Force","YOUNG",2.1737027287004
"507",2014-09-30,"Large (Big 6)","Air Force","CARTER",1.324043127847
"508",2014-09-30,"Large (Big 6)","Air Force","KENDALL",20.2499142674468
"509",2014-09-30,"Large (Big 6)","DLA","YOUNG",-7.0759198e-06
"510",2014-09-30,"Large (Big 6)","DLA","CARTER",0.0015915665283
"511",2014-09-30,"Large (Big 6)","DLA","KENDALL",1.6746099713048
"512",2014-09-30,"Large (Big 6)","MDA","YOUNG",0.0047910897011
"513",2014-09-30,"Large (Big 6)","MDA","CARTER",0.5820032866524
"514",2014-09-30,"Large (Big 6)","MDA","KENDALL",3.4494610931079
"515",2014-09-30,"Large (Big 6)","Military
Health","KENDALL",0.0130457281838
"516",2014-09-30,"Large (Big 6)","Additional
DoD
Components","YOUNG",-0.087762760053
"517",2014-09-30,"Large (Big 6)","Additional
DoD
Components","CARTER",0.1316248661549
"518",2014-09-30,"Large (Big 6)","Additional
DoD
Components","KENDALL",2.7021666295464
"519",2014-09-30,"Medium","Army","YOUNG",0.3394361760013
"520",2014-09-30,"Medium","Army","CARTER",0.8622731356141
"521",2014-09-30,"Medium","Army","KENDALL",18.6596706162731
"522",2014-09-30,"Medium","Navy","YOUNG",0.1849414045283
"523",2014-09-30,"Medium","Navy","CARTER",0.9439302373564
"524",2014-09-30,"Medium","Navy","KENDALL",12.8349246300213
"525",2014-09-30,"Medium","Air Force","YOUNG",0.1946155224978
"526",2014-09-30,"Medium","Air Force","CARTER",0.5510216318288
"527",2014-09-30,"Medium","Air Force","KENDALL",9.7197430473876
"528",2014-09-30,"Medium","DLA","YOUNG",0.167072623685
"529",2014-09-30,"Medium","DLA","CARTER",0.0871678314745
"530",2014-09-30,"Medium","DLA","KENDALL",6.8377455172447
"531",2014-09-30,"Medium","MDA","YOUNG",-0.0008826844931
"532",2014-09-30,"Medium","MDA","CARTER",0.0032571183138
"533",2014-09-30,"Medium","MDA","KENDALL",0.4958993865286
"534",2014-09-30,"Medium","Military
Health","YOUNG",-0.0358208699
"535",2014-09-30,"Medium","Military
Health","CARTER",-0.0002626819208
"536",2014-09-30,"Medium","Military
Health","KENDALL",1.436169044391
"537",2014-09-30,"Medium","Additional
DoD
Components","YOUNG",-0.055649268412
"538",2014-09-30,"Medium","Additional
DoD
Components","CARTER",0.2468939794806
"539",2014-09-30,"Medium","Additional
DoD
Components","KENDALL",3.9002869222946
"540",2014-09-30,"Small","Army","YOUNG",0.1072680824287
"541",2014-09-30,"Small","Army","CARTER",0.7093902374487
"542",2014-09-30,"Small","Army","KENDALL",18.8276533959884
"543",2014-09-30,"Small","Navy","YOUNG",0.1343509914068
"544",2014-09-30,"Small","Navy","CARTER",0.6441246458136
"545",2014-09-30,"Small","Navy","KENDALL",12.0022273922252
"546",2014-09-30,"Small","Air Force","YOUNG",0.0241141643205
"547",2014-09-30,"Small","Air Force","CARTER",0.2794816041504
"548",2014-09-30,"Small","Air Force","KENDALL",7.8175394859801
"549",2014-09-30,"Small","DLA","YOUNG",-0.0039729861233
"550",2014-09-30,"Small","DLA","CARTER",0.012533863629
"551",2014-09-30,"Small","DLA","KENDALL",8.2538636015992
"552",2014-09-30,"Small","MDA","YOUNG",0.0173150956408
"553",2014-09-30,"Small","MDA","CARTER",0.0161498981667
"554",2014-09-30,"Small","MDA","KENDALL",0.3200326802564
"555",2014-09-30,"Small","Military
Health","CARTER",0.0012561753828
"556",2014-09-30,"Small","Military
Health","KENDALL",0.2494797019666
"557",2014-09-30,"Small","Additional
DoD
Components","YOUNG",-0.0220404759208
"558",2014-09-30,"Small","Additional
DoD
Components","CARTER",0.1522011818737
"559",2014-09-30,"Small","Additional
DoD
Components","KENDALL",4.1244704835445
"560",2014-09-30,"Unlabeled","Army","YOUNG",0.0098929623744
"561",2014-09-30,"Unlabeled","Army","CARTER",-0.0267602674956
"562",2014-09-30,"Unlabeled","Army","KENDALL",0.5373648331229
"563",2014-09-30,"Unlabeled","Navy","YOUNG",-5.6364e-07
"564",2014-09-30,"Unlabeled","Navy","CARTER",2.6366118e-06
"565",2014-09-30,"Unlabeled","Navy","KENDALL",0.0203957080419
"566",2014-09-30,"Unlabeled","Air Force","YOUNG",-0.0004926154375
"567",2014-09-30,"Unlabeled","Air Force","CARTER",0.0003331592202
"568",2014-09-30,"Unlabeled","Air Force","KENDALL",0.0411467565085
"569",2014-09-30,"Unlabeled","DLA","KENDALL",0
"570",2014-09-30,"Unlabeled","Additional
DoD
Components","YOUNG",-2.5426799e-06
"571",2014-09-30,"Unlabeled","Additional
DoD
Components","CARTER",-5.8202e-07
"572",2014-09-30,"Unlabeled","Additional
DoD
Components","KENDALL",0.0406284050725
