"","Fiscal.Year","Vehicle.sum","SubCustomer.component","USDATL","Obligation.2014"
"1",2007-09-30,"BPA","Army","YOUNG",1.08777640588169e-05
"2",2007-09-30,"BPA","Navy","YOUNG",0.000363273173195645
"3",2007-09-30,"BPA","Additional
DoD
Components","YOUNG",1.61572118082838e-05
"4",2007-09-30,"Definitive","Army","YOUNG",6.24840518236615
"5",2007-09-30,"Definitive","Navy","YOUNG",3.01972493468403
"6",2007-09-30,"Definitive","Air Force","YOUNG",1.53355176500168
"7",2007-09-30,"Definitive","DLA","YOUNG",0.338717952295432
"8",2007-09-30,"Definitive","MDA","YOUNG",0.0191322112470535
"9",2007-09-30,"Definitive","Military
Health","YOUNG",0
"10",2007-09-30,"Definitive","Additional
DoD
Components","YOUNG",0.322052678807947
"11",2007-09-30,"FSS","Army","YOUNG",1.44529511855427
"12",2007-09-30,"FSS","Navy","YOUNG",0.802199166505781
"13",2007-09-30,"FSS","Air Force","YOUNG",0.752590881142665
"14",2007-09-30,"FSS","DLA","YOUNG",0.0705649287911101
"15",2007-09-30,"FSS","MDA","YOUNG",0.00385659577954877
"16",2007-09-30,"FSS","Military
Health","YOUNG",0.000935117038949377
"17",2007-09-30,"FSS","Additional
DoD
Components","YOUNG",0.16951399417443
"18",2007-09-30,"Multi-Awd.","Army","YOUNG",3.69497480535414
"19",2007-09-30,"Multi-Awd.","Navy","YOUNG",1.72086492737457
"20",2007-09-30,"Multi-Awd.","Air Force","YOUNG",2.35540008538557
"21",2007-09-30,"Multi-Awd.","DLA","YOUNG",0.342603952261758
"22",2007-09-30,"Multi-Awd.","Additional
DoD
Components","YOUNG",0.44560969546526
"23",2007-09-30,"Other IDV","Army","YOUNG",0.0292267553934224
"24",2007-09-30,"Other IDV","Navy","YOUNG",0.065361062610843
"25",2007-09-30,"Other IDV","Air Force","YOUNG",0.0567427152542373
"26",2007-09-30,"Other IDV","DLA","YOUNG",0.00518129461218992
"27",2007-09-30,"Other IDV","Additional
DoD
Components","YOUNG",0.0434708314513413
"28",2007-09-30,"Pur. Order","Army","YOUNG",1.94922330030306
"29",2007-09-30,"Pur. Order","Navy","YOUNG",0.626783173554832
"30",2007-09-30,"Pur. Order","Air Force","YOUNG",0.514736762004714
"31",2007-09-30,"Pur. Order","DLA","YOUNG",0.335717826220676
"32",2007-09-30,"Pur. Order","MDA","YOUNG",0.000440140307554159
"33",2007-09-30,"Pur. Order","Military
Health","YOUNG",0.000154955718935907
"34",2007-09-30,"Pur. Order","Additional
DoD
Components","YOUNG",0.10494749490403
"35",2007-09-30,"Single-Awd.","Army","YOUNG",11.6390840419351
"36",2007-09-30,"Single-Awd.","Navy","YOUNG",7.09847708539679
"37",2007-09-30,"Single-Awd.","Air Force","YOUNG",5.20814060407453
"38",2007-09-30,"Single-Awd.","DLA","YOUNG",5.5720521247278
"39",2007-09-30,"Single-Awd.","MDA","YOUNG",0.00872424177797733
"40",2007-09-30,"Single-Awd.","Military
Health","YOUNG",8.13671568077225e-05
"41",2007-09-30,"Single-Awd.","Additional
DoD
Components","YOUNG",0.839057346705579
"42",2007-09-30,"Unlbd. IDV","Army","YOUNG",0.0106135993377483
"43",2007-09-30,"Unlbd. IDV","Navy","YOUNG",0.00785288925805365
"44",2007-09-30,"Unlbd. IDV","Air Force","YOUNG",0.12664853361769
"45",2007-09-30,"Unlbd. IDV","DLA","YOUNG",0.00881814008306207
"46",2007-09-30,"Unlbd. IDV","Additional
DoD
Components","YOUNG",0.000258033449320911
"47",2008-09-30,"BPA","Army","YOUNG",9.41543383947939e-05
"48",2008-09-30,"BPA","Navy","YOUNG",0.000968386952277657
"49",2008-09-30,"BPA","Air Force","YOUNG",5.97238611713666e-05
"50",2008-09-30,"BPA","DLA","YOUNG",6.65845986984816e-06
"51",2008-09-30,"BPA","Additional
DoD
Components","YOUNG",2.2527114967462e-05
"52",2008-09-30,"Definitive","Army","YOUNG",37.2698258303471
"53",2008-09-30,"Definitive","Navy","YOUNG",18.2110649090564
"54",2008-09-30,"Definitive","Air Force","YOUNG",8.12801320696312
"55",2008-09-30,"Definitive","DLA","YOUNG",1.41740693249458
"56",2008-09-30,"Definitive","MDA","YOUNG",0.353949056399132
"57",2008-09-30,"Definitive","Military
Health","YOUNG",0.0189621902494577
"58",2008-09-30,"Definitive","Additional
DoD
Components","YOUNG",0.983899000455531
"59",2008-09-30,"FSS","Army","YOUNG",3.07673506399132
"60",2008-09-30,"FSS","Navy","YOUNG",1.81601142404555
"61",2008-09-30,"FSS","Air Force","YOUNG",1.36543412550976
"62",2008-09-30,"FSS","DLA","YOUNG",0.235442187516269
"63",2008-09-30,"FSS","MDA","YOUNG",0.0381012485900217
"64",2008-09-30,"FSS","Military
Health","YOUNG",0.00237843242950108
"65",2008-09-30,"FSS","Additional
DoD
Components","YOUNG",0.544324737331887
"66",2008-09-30,"Multi-Awd.","Army","YOUNG",16.1983737185683
"67",2008-09-30,"Multi-Awd.","Navy","YOUNG",5.89336010635358
"68",2008-09-30,"Multi-Awd.","Air Force","YOUNG",5.58523892390456
"69",2008-09-30,"Multi-Awd.","DLA","YOUNG",1.28979662591106
"70",2008-09-30,"Multi-Awd.","MDA","YOUNG",0.000124852321041215
"71",2008-09-30,"Multi-Awd.","Additional
DoD
Components","YOUNG",5.29081645759219
"72",2008-09-30,"Other IDV","Army","YOUNG",0.151523823210412
"73",2008-09-30,"Other IDV","Navy","YOUNG",0.309482942841649
"74",2008-09-30,"Other IDV","Air Force","YOUNG",0.132839577418655
"75",2008-09-30,"Other IDV","DLA","YOUNG",0.0128960599566161
"76",2008-09-30,"Other IDV","Additional
DoD
Components","YOUNG",0.252600256908894
"77",2008-09-30,"Pur. Order","Army","YOUNG",5.32540331874187
"78",2008-09-30,"Pur. Order","Navy","YOUNG",1.7797433633731
"79",2008-09-30,"Pur. Order","Air Force","YOUNG",1.03514937290672
"80",2008-09-30,"Pur. Order","DLA","YOUNG",2.64797918507592
"81",2008-09-30,"Pur. Order","MDA","YOUNG",0.00128315688720174
"82",2008-09-30,"Pur. Order","Military
Health","YOUNG",0.00249075109544469
"83",2008-09-30,"Pur. Order","Additional
DoD
Components","YOUNG",0.438756615238612
"84",2008-09-30,"Single-Awd.","Army","YOUNG",49.7190050902603
"85",2008-09-30,"Single-Awd.","Navy","YOUNG",28.8516389906508
"86",2008-09-30,"Single-Awd.","Air Force","YOUNG",18.8740951250542
"87",2008-09-30,"Single-Awd.","DLA","YOUNG",31.7583683029393
"88",2008-09-30,"Single-Awd.","MDA","YOUNG",0.375667688817787
"89",2008-09-30,"Single-Awd.","Military
Health","YOUNG",0.367168479848156
"90",2008-09-30,"Single-Awd.","Additional
DoD
Components","YOUNG",3.65908179494577
"91",2008-09-30,"Unlbd. IDV","Army","YOUNG",0.0299383126030369
"92",2008-09-30,"Unlbd. IDV","Navy","YOUNG",0.0238331313882863
"93",2008-09-30,"Unlbd. IDV","Air Force","YOUNG",0.164248094956616
"94",2008-09-30,"Unlbd. IDV","DLA","YOUNG",0.023760359186551
"95",2008-09-30,"Unlbd. IDV","Additional
DoD
Components","YOUNG",0.00120964387201735
"96",2009-09-30,"BPA","Army","YOUNG",0.000922493353539727
"97",2009-09-30,"BPA","Army","CARTER",1.57983004979433e-05
"98",2009-09-30,"BPA","Navy","YOUNG",0.000219028350292271
"99",2009-09-30,"BPA","Navy","CARTER",0.000219055499025763
"100",2009-09-30,"BPA","Air Force","CARTER",0
"101",2009-09-30,"BPA","DLA","YOUNG",1.88029010608357e-05
"102",2009-09-30,"Definitive","Army","YOUNG",25.4499953581728
"103",2009-09-30,"Definitive","Army","CARTER",15.2659388493289
"104",2009-09-30,"Definitive","Navy","YOUNG",25.6678238411453
"105",2009-09-30,"Definitive","Navy","CARTER",7.36235903227971
"106",2009-09-30,"Definitive","Air Force","YOUNG",11.273176618911
"107",2009-09-30,"Definitive","Air Force","CARTER",3.94503244116692
"108",2009-09-30,"Definitive","DLA","YOUNG",1.0072225330158
"109",2009-09-30,"Definitive","DLA","CARTER",1.11680536381251
"110",2009-09-30,"Definitive","MDA","YOUNG",1.23308578252869
"111",2009-09-30,"Definitive","MDA","CARTER",0.0443063387313271
"112",2009-09-30,"Definitive","Military
Health","YOUNG",1.12510013210652
"113",2009-09-30,"Definitive","Additional
DoD
Components","YOUNG",1.1095554237822
"114",2009-09-30,"Definitive","Additional
DoD
Components","CARTER",0.480227922678069
"115",2009-09-30,"FSS","Army","YOUNG",1.62698939901494
"116",2009-09-30,"FSS","Army","CARTER",1.62626803865555
"117",2009-09-30,"FSS","Navy","YOUNG",1.03669839047413
"118",2009-09-30,"FSS","Navy","CARTER",1.1294587832756
"119",2009-09-30,"FSS","Air Force","YOUNG",0.615504182539511
"120",2009-09-30,"FSS","Air Force","CARTER",0.896537446168002
"121",2009-09-30,"FSS","DLA","YOUNG",0.24056084852782
"122",2009-09-30,"FSS","DLA","CARTER",0.0993268366529552
"123",2009-09-30,"FSS","MDA","YOUNG",0.0472554483437974
"124",2009-09-30,"FSS","MDA","CARTER",0.00356151836977701
"125",2009-09-30,"FSS","Military
Health","YOUNG",0.00325563931586924
"126",2009-09-30,"FSS","Military
Health","CARTER",0.00189139497726781
"127",2009-09-30,"FSS","Additional
DoD
Components","YOUNG",0.441915741285993
"128",2009-09-30,"FSS","Additional
DoD
Components","CARTER",0.257686211853215
"129",2009-09-30,"Multi-Awd.","Army","YOUNG",11.9898850433319
"130",2009-09-30,"Multi-Awd.","Army","CARTER",11.7492702268023
"131",2009-09-30,"Multi-Awd.","Navy","YOUNG",4.98593608285343
"132",2009-09-30,"Multi-Awd.","Navy","CARTER",3.37618171261096
"133",2009-09-30,"Multi-Awd.","Air Force","YOUNG",4.07230019550801
"134",2009-09-30,"Multi-Awd.","Air Force","CARTER",3.07137130464386
"135",2009-09-30,"Multi-Awd.","DLA","YOUNG",0.552914866378004
"136",2009-09-30,"Multi-Awd.","DLA","CARTER",0.469617866756874
"137",2009-09-30,"Multi-Awd.","MDA","YOUNG",0.000135454135094176
"138",2009-09-30,"Multi-Awd.","MDA","CARTER",0.000731255358302663
"139",2009-09-30,"Multi-Awd.","Additional
DoD
Components","YOUNG",3.85492527083784
"140",2009-09-30,"Multi-Awd.","Additional
DoD
Components","CARTER",2.01095555453561
"141",2009-09-30,"Other IDV","Army","YOUNG",0.0619590260121238
"142",2009-09-30,"Other IDV","Army","CARTER",0.0559189147542758
"143",2009-09-30,"Other IDV","Navy","YOUNG",0.0550800073284261
"144",2009-09-30,"Other IDV","Navy","CARTER",0.0800606024680667
"145",2009-09-30,"Other IDV","Air Force","YOUNG",0.0635914239770513
"146",2009-09-30,"Other IDV","Air Force","CARTER",0.0940711066356354
"147",2009-09-30,"Other IDV","DLA","YOUNG",0.00543377063217147
"148",2009-09-30,"Other IDV","DLA","CARTER",0.0121658653604676
"149",2009-09-30,"Other IDV","Additional
DoD
Components","YOUNG",0.16886466373674
"150",2009-09-30,"Other IDV","Additional
DoD
Components","CARTER",0.190945317958433
"151",2009-09-30,"Pur. Order","Army","YOUNG",2.1231060388937
"152",2009-09-30,"Pur. Order","Army","CARTER",2.69797493414159
"153",2009-09-30,"Pur. Order","Navy","YOUNG",0.820983676477593
"154",2009-09-30,"Pur. Order","Navy","CARTER",0.9170208796168
"155",2009-09-30,"Pur. Order","Air Force","YOUNG",0.407589930807534
"156",2009-09-30,"Pur. Order","Air Force","CARTER",0.675747304979433
"157",2009-09-30,"Pur. Order","DLA","YOUNG",1.51971899132929
"158",2009-09-30,"Pur. Order","DLA","CARTER",1.19670475260879
"159",2009-09-30,"Pur. Order","MDA","YOUNG",0.00121666393158692
"160",2009-09-30,"Pur. Order","MDA","CARTER",0.000204620556397489
"161",2009-09-30,"Pur. Order","Military
Health","YOUNG",0.000381156213466118
"162",2009-09-30,"Pur. Order","Military
Health","CARTER",0.000195688839575666
"163",2009-09-30,"Pur. Order","Additional
DoD
Components","YOUNG",0.257028325665729
"164",2009-09-30,"Pur. Order","Additional
DoD
Components","CARTER",0.251659568478026
"165",2009-09-30,"Single-Awd.","Army","YOUNG",33.6692862974345
"166",2009-09-30,"Single-Awd.","Army","CARTER",21.4984812573393
"167",2009-09-30,"Single-Awd.","Navy","YOUNG",13.6179266594934
"168",2009-09-30,"Single-Awd.","Navy","CARTER",9.52390323459623
"169",2009-09-30,"Single-Awd.","Air Force","YOUNG",15.977313174042
"170",2009-09-30,"Single-Awd.","Air Force","CARTER",7.48638417177961
"171",2009-09-30,"Single-Awd.","DLA","YOUNG",19.949835900249
"172",2009-09-30,"Single-Awd.","DLA","CARTER",14.1146159832973
"173",2009-09-30,"Single-Awd.","MDA","YOUNG",0.811100715880061
"174",2009-09-30,"Single-Awd.","MDA","CARTER",0.0211427668651223
"175",2009-09-30,"Single-Awd.","Military
Health","YOUNG",0.430688972201775
"176",2009-09-30,"Single-Awd.","Military
Health","CARTER",0.030502045334488
"177",2009-09-30,"Single-Awd.","Additional
DoD
Components","YOUNG",3.32366248998701
"178",2009-09-30,"Single-Awd.","Additional
DoD
Components","CARTER",1.99473037262394
"179",2009-09-30,"Unlbd. IDV","Army","YOUNG",0.0481195617341416
"180",2009-09-30,"Unlbd. IDV","Army","CARTER",0.0187503019701234
"181",2009-09-30,"Unlbd. IDV","Navy","YOUNG",0.0133897889911236
"182",2009-09-30,"Unlbd. IDV","Navy","CARTER",0.0134787151223208
"183",2009-09-30,"Unlbd. IDV","Air Force","YOUNG",0.0256669852673739
"184",2009-09-30,"Unlbd. IDV","Air Force","CARTER",0.173839580320416
"185",2009-09-30,"Unlbd. IDV","DLA","YOUNG",0.00174368843905607
"186",2009-09-30,"Unlbd. IDV","DLA","CARTER",0.00422026847802555
"187",2009-09-30,"Unlbd. IDV","MDA","YOUNG",2.45746373673955e-05
"188",2009-09-30,"Unlbd. IDV","Additional
DoD
Components","YOUNG",0.00204695198094826
"189",2009-09-30,"Unlbd. IDV","Additional
DoD
Components","CARTER",-0.00424321337951938
"190",2010-09-30,"BPA","Army","CARTER",0.441337128572957
"191",2010-09-30,"BPA","Navy","YOUNG",-4.97304236200257e-06
"192",2010-09-30,"BPA","Navy","CARTER",0.0312706087184424
"193",2010-09-30,"BPA","Air Force","YOUNG",-1.09242618741977e-05
"194",2010-09-30,"BPA","Air Force","CARTER",0.0374279136178862
"195",2010-09-30,"BPA","DLA","YOUNG",2.20138853230638e-05
"196",2010-09-30,"BPA","DLA","CARTER",0.0169628707851947
"197",2010-09-30,"BPA","Additional
DoD
Components","CARTER",0.0262602722400513
"198",2010-09-30,"Definitive","Army","YOUNG",12.7809041023214
"199",2010-09-30,"Definitive","Army","CARTER",33.0208399405755
"200",2010-09-30,"Definitive","Navy","YOUNG",15.7735549733098
"201",2010-09-30,"Definitive","Navy","CARTER",19.2631653647732
"202",2010-09-30,"Definitive","Air Force","YOUNG",7.70372806850663
"203",2010-09-30,"Definitive","Air Force","CARTER",9.23821560807659
"204",2010-09-30,"Definitive","DLA","YOUNG",0.299808645902867
"205",2010-09-30,"Definitive","DLA","CARTER",2.46605918422122
"206",2010-09-30,"Definitive","MDA","YOUNG",1.43471588929183
"207",2010-09-30,"Definitive","MDA","CARTER",0.456055027567394
"208",2010-09-30,"Definitive","Military
Health","YOUNG",1.61952096214163
"209",2010-09-30,"Definitive","Military
Health","CARTER",0.0623395625160462
"210",2010-09-30,"Definitive","Additional
DoD
Components","YOUNG",0.625121751893453
"211",2010-09-30,"Definitive","Additional
DoD
Components","CARTER",1.56860651291185
"212",2010-09-30,"FSS","Army","YOUNG",0.520889632937527
"213",2010-09-30,"FSS","Army","CARTER",2.79270203710954
"214",2010-09-30,"FSS","Navy","YOUNG",0.235851833408216
"215",2010-09-30,"FSS","Navy","CARTER",1.77151911689131
"216",2010-09-30,"FSS","Air Force","YOUNG",0.303823852481814
"217",2010-09-30,"FSS","Air Force","CARTER",1.23626483838254
"218",2010-09-30,"FSS","DLA","YOUNG",0.100343215575524
"219",2010-09-30,"FSS","DLA","CARTER",0.165563301743688
"220",2010-09-30,"FSS","MDA","YOUNG",0.0396112082691485
"221",2010-09-30,"FSS","MDA","CARTER",0.0485630862323492
"222",2010-09-30,"FSS","Military
Health","YOUNG",0.00314077705391528
"223",2010-09-30,"FSS","Military
Health","CARTER",0.00492893540864356
"224",2010-09-30,"FSS","Additional
DoD
Components","YOUNG",0.330549213125802
"225",2010-09-30,"FSS","Additional
DoD
Components","CARTER",0.556137696544715
"226",2010-09-30,"Multi-Awd.","Army","YOUNG",5.56602734250107
"227",2010-09-30,"Multi-Awd.","Army","CARTER",23.7808490337505
"228",2010-09-30,"Multi-Awd.","Navy","YOUNG",3.12542451445229
"229",2010-09-30,"Multi-Awd.","Navy","CARTER",7.31153974732563
"230",2010-09-30,"Multi-Awd.","Air Force","YOUNG",2.02722347617672
"231",2010-09-30,"Multi-Awd.","Air Force","CARTER",4.83504585226787
"232",2010-09-30,"Multi-Awd.","DLA","YOUNG",0.0444930919982884
"233",2010-09-30,"Multi-Awd.","DLA","CARTER",1.25603988406076
"234",2010-09-30,"Multi-Awd.","MDA","YOUNG",6.27129118528027e-05
"235",2010-09-30,"Multi-Awd.","MDA","CARTER",0.00675737103123663
"236",2010-09-30,"Multi-Awd.","Military
Health","YOUNG",0
"237",2010-09-30,"Multi-Awd.","Military
Health","CARTER",0
"238",2010-09-30,"Multi-Awd.","Additional
DoD
Components","YOUNG",0.529593916163885
"239",2010-09-30,"Multi-Awd.","Additional
DoD
Components","CARTER",6.29954302082798
"240",2010-09-30,"Other IDV","Army","YOUNG",0.0127316688168592
"241",2010-09-30,"Other IDV","Army","CARTER",0.191242479856654
"242",2010-09-30,"Other IDV","Navy","YOUNG",0.00953650070603338
"243",2010-09-30,"Other IDV","Navy","CARTER",0.323269036489089
"244",2010-09-30,"Other IDV","Air Force","YOUNG",0.0528341111253744
"245",2010-09-30,"Other IDV","Air Force","CARTER",0.217511936371416
"246",2010-09-30,"Other IDV","DLA","YOUNG",6.72186136071887e-05
"247",2010-09-30,"Other IDV","DLA","CARTER",0.0306184539259735
"248",2010-09-30,"Other IDV","Additional
DoD
Components","YOUNG",0.0756496787869063
"249",2010-09-30,"Other IDV","Additional
DoD
Components","CARTER",0.428264885066324
"250",2010-09-30,"Pur. Order","Army","YOUNG",0.272851295186136
"251",2010-09-30,"Pur. Order","Army","CARTER",4.04337313953819
"252",2010-09-30,"Pur. Order","Navy","YOUNG",0.0862219810427899
"253",2010-09-30,"Pur. Order","Navy","CARTER",1.69790770555103
"254",2010-09-30,"Pur. Order","Air Force","YOUNG",0.0602983103765511
"255",2010-09-30,"Pur. Order","Air Force","CARTER",0.975839133590073
"256",2010-09-30,"Pur. Order","DLA","YOUNG",0.000316159766795036
"257",2010-09-30,"Pur. Order","DLA","CARTER",3.14698327941806
"258",2010-09-30,"Pur. Order","MDA","YOUNG",0.000562896501925546
"259",2010-09-30,"Pur. Order","MDA","CARTER",0.000472776101839966
"260",2010-09-30,"Pur. Order","Military
Health","YOUNG",3.87682498930252e-05
"261",2010-09-30,"Pur. Order","Military
Health","CARTER",0.000729289377406932
"262",2010-09-30,"Pur. Order","Additional
DoD
Components","YOUNG",0.0497556411959778
"263",2010-09-30,"Pur. Order","Additional
DoD
Components","CARTER",0.791585876904151
"264",2010-09-30,"Single-Awd.","Army","YOUNG",7.50600693922764
"265",2010-09-30,"Single-Awd.","Army","CARTER",42.0349719771288
"266",2010-09-30,"Single-Awd.","Navy","YOUNG",1.386924439003
"267",2010-09-30,"Single-Awd.","Navy","CARTER",22.3750280695657
"268",2010-09-30,"Single-Awd.","Air Force","YOUNG",4.31971380915704
"269",2010-09-30,"Single-Awd.","Air Force","CARTER",20.4509504501391
"270",2010-09-30,"Single-Awd.","DLA","YOUNG",0.714612386959777
"271",2010-09-30,"Single-Awd.","DLA","CARTER",28.6522633813864
"272",2010-09-30,"Single-Awd.","MDA","YOUNG",0.501721448727
"273",2010-09-30,"Single-Awd.","MDA","CARTER",0.575028281600342
"274",2010-09-30,"Single-Awd.","Military
Health","YOUNG",0.0247290678861789
"275",2010-09-30,"Single-Awd.","Military
Health","CARTER",0.532522268164313
"276",2010-09-30,"Single-Awd.","Additional
DoD
Components","YOUNG",0.626239739420197
"277",2010-09-30,"Single-Awd.","Additional
DoD
Components","CARTER",5.14118639199829
"278",2010-09-30,"Unlbd. IDV","Army","YOUNG",0.0143005124197689
"279",2010-09-30,"Unlbd. IDV","Army","CARTER",0.0414417032734275
"280",2010-09-30,"Unlbd. IDV","Navy","YOUNG",0.00464846770432178
"281",2010-09-30,"Unlbd. IDV","Navy","CARTER",0.028946262847668
"282",2010-09-30,"Unlbd. IDV","Air Force","YOUNG",0.000225483836114677
"283",2010-09-30,"Unlbd. IDV","Air Force","CARTER",0.172154930455712
"284",2010-09-30,"Unlbd. IDV","DLA","CARTER",0.00919241392811296
"285",2010-09-30,"Unlbd. IDV","Additional
DoD
Components","YOUNG",0.000769858793324775
"286",2010-09-30,"Unlbd. IDV","Additional
DoD
Components","CARTER",0.00089512823063757
"287",2011-09-30,"BPA","Army","CARTER",0.964626612473772
"288",2011-09-30,"BPA","Navy","CARTER",0.130379701888376
"289",2011-09-30,"BPA","Air Force","CARTER",0.115547386508603
"290",2011-09-30,"BPA","DLA","YOUNG",2.94905581200168e-05
"291",2011-09-30,"BPA","DLA","CARTER",0.0699922288921527
"292",2011-09-30,"BPA","MDA","CARTER",0
"293",2011-09-30,"BPA","Military
Health","CARTER",0
"294",2011-09-30,"BPA","Additional
DoD
Components","CARTER",0.147611210228703
"295",2011-09-30,"Definitive","Army","YOUNG",9.70366697416072
"296",2011-09-30,"Definitive","Army","CARTER",34.6672167763219
"297",2011-09-30,"Definitive","Navy","YOUNG",20.5350714729333
"298",2011-09-30,"Definitive","Navy","CARTER",29.147752941817
"299",2011-09-30,"Definitive","Air Force","YOUNG",5.58204353448384
"300",2011-09-30,"Definitive","Air Force","CARTER",14.5449749401595
"301",2011-09-30,"Definitive","DLA","YOUNG",0.209015752989929
"302",2011-09-30,"Definitive","DLA","CARTER",2.53777011711078
"303",2011-09-30,"Definitive","MDA","YOUNG",0.727001783403273
"304",2011-09-30,"Definitive","MDA","CARTER",1.14396568746328
"305",2011-09-30,"Definitive","Military
Health","YOUNG",1.87466138286823
"306",2011-09-30,"Definitive","Military
Health","CARTER",1.22836676845363
"307",2011-09-30,"Definitive","Additional
DoD
Components","YOUNG",0.495816796023919
"308",2011-09-30,"Definitive","Additional
DoD
Components","CARTER",1.62615065266471
"309",2011-09-30,"FSS","Army","YOUNG",0.323520965169954
"310",2011-09-30,"FSS","Army","CARTER",2.68826991510701
"311",2011-09-30,"FSS","Navy","YOUNG",0.123860057815778
"312",2011-09-30,"FSS","Navy","CARTER",1.82910262146454
"313",2011-09-30,"FSS","Air Force","YOUNG",0.186836773804029
"314",2011-09-30,"FSS","Air Force","CARTER",1.1200054111624
"315",2011-09-30,"FSS","DLA","YOUNG",0.0741549958665548
"316",2011-09-30,"FSS","DLA","CARTER",0.176265003724297
"317",2011-09-30,"FSS","MDA","YOUNG",0.0174844834557281
"318",2011-09-30,"FSS","MDA","CARTER",0.0370922544481746
"319",2011-09-30,"FSS","Military
Health","YOUNG",0.00573481017624843
"320",2011-09-30,"FSS","Military
Health","CARTER",0.00542111042803189
"321",2011-09-30,"FSS","Additional
DoD
Components","YOUNG",0.257974474874108
"322",2011-09-30,"FSS","Additional
DoD
Components","CARTER",0.961294551909358
"323",2011-09-30,"Multi-Awd.","Army","YOUNG",2.25752374090432
"324",2011-09-30,"Multi-Awd.","Army","CARTER",26.2211342303189
"325",2011-09-30,"Multi-Awd.","Navy","YOUNG",2.49349385205623
"326",2011-09-30,"Multi-Awd.","Navy","CARTER",9.27151827979438
"327",2011-09-30,"Multi-Awd.","Air Force","YOUNG",1.11141776425724
"328",2011-09-30,"Multi-Awd.","Air Force","CARTER",5.77550600120646
"329",2011-09-30,"Multi-Awd.","DLA","YOUNG",0.0368712874842635
"330",2011-09-30,"Multi-Awd.","DLA","CARTER",1.33143131870541
"331",2011-09-30,"Multi-Awd.","MDA","CARTER",0.190495481430969
"332",2011-09-30,"Multi-Awd.","Military
Health","CARTER",0
"333",2011-09-30,"Multi-Awd.","Additional
DoD
Components","YOUNG",0.260469088533361
"334",2011-09-30,"Multi-Awd.","Additional
DoD
Components","CARTER",9.10270549574591
"335",2011-09-30,"Other IDV","Army","YOUNG",0.00243669244649601
"336",2011-09-30,"Other IDV","Army","CARTER",0.94136320236047
"337",2011-09-30,"Other IDV","Navy","YOUNG",0.00644499891942929
"338",2011-09-30,"Other IDV","Navy","CARTER",1.10294013579522
"339",2011-09-30,"Other IDV","Air Force","YOUNG",0.0329864029899287
"340",2011-09-30,"Other IDV","Air Force","CARTER",1.42986804758708
"341",2011-09-30,"Other IDV","DLA","YOUNG",0
"342",2011-09-30,"Other IDV","DLA","CARTER",0.218053326521192
"343",2011-09-30,"Other IDV","Military
Health","CARTER",2.71769408308854e-05
"344",2011-09-30,"Other IDV","Additional
DoD
Components","YOUNG",0.0655462488040285
"345",2011-09-30,"Other IDV","Additional
DoD
Components","CARTER",0.52335396298783
"346",2011-09-30,"Pur. Order","Army","YOUNG",0.149477142373059
"347",2011-09-30,"Pur. Order","Army","CARTER",3.62974920229752
"348",2011-09-30,"Pur. Order","Navy","YOUNG",0.0366915961393202
"349",2011-09-30,"Pur. Order","Navy","CARTER",1.80249215419639
"350",2011-09-30,"Pur. Order","Air Force","YOUNG",0.0280039548783047
"351",2011-09-30,"Pur. Order","Air Force","CARTER",0.982938393757868
"352",2011-09-30,"Pur. Order","DLA","YOUNG",0.000317727864036928
"353",2011-09-30,"Pur. Order","DLA","CARTER",3.21443989771297
"354",2011-09-30,"Pur. Order","MDA","YOUNG",0.000165395677717163
"355",2011-09-30,"Pur. Order","MDA","CARTER",0.00141677227234578
"356",2011-09-30,"Pur. Order","Military
Health","YOUNG",2.49910826689047e-06
"357",2011-09-30,"Pur. Order","Military
Health","CARTER",0.00174050390264373
"358",2011-09-30,"Pur. Order","Additional
DoD
Components","YOUNG",0.0257152913973982
"359",2011-09-30,"Pur. Order","Additional
DoD
Components","CARTER",0.655136737421318
"360",2011-09-30,"Single-Awd.","Army","YOUNG",4.28539243246958
"361",2011-09-30,"Single-Awd.","Army","CARTER",35.7133232721989
"362",2011-09-30,"Single-Awd.","Navy","YOUNG",0.392851922408728
"363",2011-09-30,"Single-Awd.","Navy","CARTER",22.9711050407365
"364",2011-09-30,"Single-Awd.","Air Force","YOUNG",1.35248034962232
"365",2011-09-30,"Single-Awd.","Air Force","CARTER",21.4436032708141
"366",2011-09-30,"Single-Awd.","DLA","YOUNG",0.288501730465799
"367",2011-09-30,"Single-Awd.","DLA","CARTER",29.2254944112988
"368",2011-09-30,"Single-Awd.","MDA","YOUNG",0.325608334945447
"369",2011-09-30,"Single-Awd.","MDA","CARTER",0.869344923866974
"370",2011-09-30,"Single-Awd.","Military
Health","YOUNG",-0.00477794144985313
"371",2011-09-30,"Single-Awd.","Military
Health","CARTER",0.568829507165338
"372",2011-09-30,"Single-Awd.","Additional
DoD
Components","YOUNG",0.377616278189257
"373",2011-09-30,"Single-Awd.","Additional
DoD
Components","CARTER",6.60740242805287
"374",2011-09-30,"Unlbd. IDV","Army","YOUNG",0.0119844352916492
"375",2011-09-30,"Unlbd. IDV","Army","CARTER",0.0437747551195971
"376",2011-09-30,"Unlbd. IDV","Navy","YOUNG",0.00501442704574066
"377",2011-09-30,"Unlbd. IDV","Navy","CARTER",0.0179902626101553
"378",2011-09-30,"Unlbd. IDV","Air Force","YOUNG",2.34854280318926e-05
"379",2011-09-30,"Unlbd. IDV","Air Force","CARTER",0.189216412610155
"380",2011-09-30,"Unlbd. IDV","DLA","CARTER",0.00467168790390264
"381",2011-09-30,"Unlbd. IDV","MDA","CARTER",-7.64708875367184e-05
"382",2011-09-30,"Unlbd. IDV","Military
Health","CARTER",8.69653378094838e-05
"383",2011-09-30,"Unlbd. IDV","Additional
DoD
Components","YOUNG",0.000471419775493076
"384",2011-09-30,"Unlbd. IDV","Additional
DoD
Components","CARTER",0.000670302738145195
"385",2012-09-30,"BPA","Army","CARTER",0.182761497302029
"386",2012-09-30,"BPA","Army","KENDALL",0.791260997559469
"387",2012-09-30,"BPA","Navy","CARTER",0.00637493330244053
"388",2012-09-30,"BPA","Navy","KENDALL",0.293359927587272
"389",2012-09-30,"BPA","Air Force","CARTER",0.0065180609617959
"390",2012-09-30,"BPA","Air Force","KENDALL",0.124836569972196
"391",2012-09-30,"BPA","DLA","YOUNG",1.24792606322727e-05
"392",2012-09-30,"BPA","DLA","CARTER",0.0562654975800638
"393",2012-09-30,"BPA","DLA","KENDALL",0.134568037565647
"394",2012-09-30,"BPA","MDA","CARTER",0
"395",2012-09-30,"BPA","Military
Health","CARTER",0
"396",2012-09-30,"BPA","Military
Health","KENDALL",0.00246687089898054
"397",2012-09-30,"BPA","Additional
DoD
Components","CARTER",0.0918495398517146
"398",2012-09-30,"BPA","Additional
DoD
Components","KENDALL",0.228548279868191
"399",2012-09-30,"Definitive","Army","YOUNG",5.96736526349501
"400",2012-09-30,"Definitive","Army","CARTER",15.2760769436721
"401",2012-09-30,"Definitive","Army","KENDALL",25.2827165658943
"402",2012-09-30,"Definitive","Navy","YOUNG",16.2253867694882
"403",2012-09-30,"Definitive","Navy","CARTER",21.5133321027907
"404",2012-09-30,"Definitive","Navy","KENDALL",11.6752112997632
"405",2012-09-30,"Definitive","Air Force","YOUNG",4.68676625786222
"406",2012-09-30,"Definitive","Air Force","CARTER",11.7856410045721
"407",2012-09-30,"Definitive","Air Force","KENDALL",14.313286644084
"408",2012-09-30,"Definitive","DLA","YOUNG",0.248654079404799
"409",2012-09-30,"Definitive","DLA","CARTER",0.416189805746061
"410",2012-09-30,"Definitive","DLA","KENDALL",1.79808896769643
"411",2012-09-30,"Definitive","MDA","YOUNG",0.147419793399238
"412",2012-09-30,"Definitive","MDA","CARTER",1.19710654005767
"413",2012-09-30,"Definitive","MDA","KENDALL",1.12123472608382
"414",2012-09-30,"Definitive","Military
Health","YOUNG",1.86628533661827
"415",2012-09-30,"Definitive","Military
Health","CARTER",4.64747099022758
"416",2012-09-30,"Definitive","Military
Health","KENDALL",0.0398039753887344
"417",2012-09-30,"Definitive","Additional
DoD
Components","YOUNG",0.378229603274637
"418",2012-09-30,"Definitive","Additional
DoD
Components","CARTER",1.0500921888374
"419",2012-09-30,"Definitive","Additional
DoD
Components","KENDALL",0.931037521655854
"420",2012-09-30,"FSS","Army","YOUNG",0.117576731726908
"421",2012-09-30,"FSS","Army","CARTER",0.731041615209556
"422",2012-09-30,"FSS","Army","KENDALL",1.57288890887653
"423",2012-09-30,"FSS","Navy","YOUNG",0.0521805577798373
"424",2012-09-30,"FSS","Navy","CARTER",0.342859538132015
"425",2012-09-30,"FSS","Navy","KENDALL",1.03696866754196
"426",2012-09-30,"FSS","Air Force","YOUNG",0.106646146071465
"427",2012-09-30,"FSS","Air Force","CARTER",0.470215369138091
"428",2012-09-30,"FSS","Air Force","KENDALL",0.780545567995057
"429",2012-09-30,"FSS","DLA","YOUNG",0.0490650674389867
"430",2012-09-30,"FSS","DLA","CARTER",0.0932799831119349
"431",2012-09-30,"FSS","DLA","KENDALL",0.189252085521573
"432",2012-09-30,"FSS","MDA","YOUNG",0.00892364868705591
"433",2012-09-30,"FSS","MDA","CARTER",0.0106794966120894
"434",2012-09-30,"FSS","MDA","KENDALL",0.00648477574915045
"435",2012-09-30,"FSS","Military
Health","YOUNG",0.00259091161569354
"436",2012-09-30,"FSS","Military
Health","CARTER",0.0063805078776645
"437",2012-09-30,"FSS","Military
Health","KENDALL",0.0442510864689527
"438",2012-09-30,"FSS","Additional
DoD
Components","YOUNG",0.138429611152302
"439",2012-09-30,"FSS","Additional
DoD
Components","CARTER",0.683112567706724
"440",2012-09-30,"FSS","Additional
DoD
Components","KENDALL",0.596217573566059
"441",2012-09-30,"Multi-Awd.","Army","YOUNG",0.94290969309031
"442",2012-09-30,"Multi-Awd.","Army","CARTER",11.9406012255689
"443",2012-09-30,"Multi-Awd.","Army","KENDALL",10.1261020675729
"444",2012-09-30,"Multi-Awd.","Navy","YOUNG",1.5855952716919
"445",2012-09-30,"Multi-Awd.","Navy","CARTER",4.11328095447431
"446",2012-09-30,"Multi-Awd.","Navy","KENDALL",5.77645700145196
"447",2012-09-30,"Multi-Awd.","Air Force","YOUNG",0.468529336504994
"448",2012-09-30,"Multi-Awd.","Air Force","CARTER",2.09355832243847
"449",2012-09-30,"Multi-Awd.","Air Force","KENDALL",2.95363910022655
"450",2012-09-30,"Multi-Awd.","DLA","YOUNG",0.0106904108536711
"451",2012-09-30,"Multi-Awd.","DLA","CARTER",0.217317668159819
"452",2012-09-30,"Multi-Awd.","DLA","KENDALL",0.725081245484502
"453",2012-09-30,"Multi-Awd.","MDA","CARTER",0.395995682071877
"454",2012-09-30,"Multi-Awd.","MDA","KENDALL",0.0194378840799094
"455",2012-09-30,"Multi-Awd.","Military
Health","YOUNG",0.00123204456801565
"456",2012-09-30,"Multi-Awd.","Military
Health","CARTER",0.0025538047060035
"457",2012-09-30,"Multi-Awd.","Military
Health","KENDALL",0.0202397653485738
"458",2012-09-30,"Multi-Awd.","Additional
DoD
Components","YOUNG",0.178999595345485
"459",2012-09-30,"Multi-Awd.","Additional
DoD
Components","CARTER",3.05538754958295
"460",2012-09-30,"Multi-Awd.","Additional
DoD
Components","KENDALL",6.8320046974359
"461",2012-09-30,"Other IDV","Army","YOUNG",0.00036573483678303
"462",2012-09-30,"Other IDV","Army","CARTER",0.543110127679951
"463",2012-09-30,"Other IDV","Army","KENDALL",0.724090261950366
"464",2012-09-30,"Other IDV","Navy","YOUNG",0.00540353031613634
"465",2012-09-30,"Other IDV","Navy","CARTER",0.207130066347441
"466",2012-09-30,"Other IDV","Navy","KENDALL",1.82408016760375
"467",2012-09-30,"Other IDV","Air Force","YOUNG",0.0199049409123674
"468",2012-09-30,"Other IDV","Air Force","CARTER",0.796160422665019
"469",2012-09-30,"Other IDV","Air Force","KENDALL",3.35425303886315
"470",2012-09-30,"Other IDV","DLA","YOUNG",5.37843682421996e-05
"471",2012-09-30,"Other IDV","DLA","CARTER",0.023578943270518
"472",2012-09-30,"Other IDV","DLA","KENDALL",0.497439598424467
"473",2012-09-30,"Other IDV","Military
Health","CARTER",-1.69930285243538e-05
"474",2012-09-30,"Other IDV","Military
Health","KENDALL",0.0195364841313974
"475",2012-09-30,"Other IDV","Additional
DoD
Components","YOUNG",0.0397902605395943
"476",2012-09-30,"Other IDV","Additional
DoD
Components","CARTER",0.265384340521059
"477",2012-09-30,"Other IDV","Additional
DoD
Components","KENDALL",0.407455811883431
"478",2012-09-30,"Pur. Order","Army","YOUNG",0.0873456949644733
"479",2012-09-30,"Pur. Order","Army","CARTER",0.626690977768716
"480",2012-09-30,"Pur. Order","Army","KENDALL",1.86020546405108
"481",2012-09-30,"Pur. Order","Navy","YOUNG",0.0107193235403151
"482",2012-09-30,"Pur. Order","Navy","CARTER",0.196251664751313
"483",2012-09-30,"Pur. Order","Navy","KENDALL",1.27610545495829
"484",2012-09-30,"Pur. Order","Air Force","YOUNG",0.015575374626712
"485",2012-09-30,"Pur. Order","Air Force","CARTER",0.145353314983009
"486",2012-09-30,"Pur. Order","Air Force","KENDALL",0.61735041918443
"487",2012-09-30,"Pur. Order","DLA","YOUNG",0.00166847575944805
"488",2012-09-30,"Pur. Order","DLA","CARTER",0.28476220382041
"489",2012-09-30,"Pur. Order","DLA","KENDALL",2.76977348363711
"490",2012-09-30,"Pur. Order","MDA","YOUNG",-5.60083616517351e-05
"491",2012-09-30,"Pur. Order","MDA","CARTER",5.59546905571002e-05
"492",2012-09-30,"Pur. Order","MDA","KENDALL",0.000100744928431675
"493",2012-09-30,"Pur. Order","Military
Health","YOUNG",-0.000417715147770569
"494",2012-09-30,"Pur. Order","Military
Health","CARTER",0.00198679397590361
"495",2012-09-30,"Pur. Order","Military
Health","KENDALL",0.00732462080115333
"496",2012-09-30,"Pur. Order","Additional
DoD
Components","YOUNG",0.0155239545463907
"497",2012-09-30,"Pur. Order","Additional
DoD
Components","CARTER",0.101224050468541
"498",2012-09-30,"Pur. Order","Additional
DoD
Components","KENDALL",0.309366048100093
"499",2012-09-30,"Single-Awd.","Army","YOUNG",0.883087870250232
"500",2012-09-30,"Single-Awd.","Army","CARTER",5.80971877049737
"501",2012-09-30,"Single-Awd.","Army","KENDALL",23.7326714385027
"502",2012-09-30,"Single-Awd.","Navy","YOUNG",0.201091684347647
"503",2012-09-30,"Single-Awd.","Navy","CARTER",4.66979308000206
"504",2012-09-30,"Single-Awd.","Navy","KENDALL",14.3916517758779
"505",2012-09-30,"Single-Awd.","Air Force","YOUNG",0.453010720842344
"506",2012-09-30,"Single-Awd.","Air Force","CARTER",9.38645612724879
"507",2012-09-30,"Single-Awd.","Air Force","KENDALL",12.3769940190058
"508",2012-09-30,"Single-Awd.","DLA","YOUNG",0.133051816280507
"509",2012-09-30,"Single-Awd.","DLA","CARTER",5.65188326690351
"510",2012-09-30,"Single-Awd.","DLA","KENDALL",31.001361645371
"511",2012-09-30,"Single-Awd.","MDA","YOUNG",0.2017308412007
"512",2012-09-30,"Single-Awd.","MDA","CARTER",0.854597146390691
"513",2012-09-30,"Single-Awd.","MDA","KENDALL",0.644352778230872
"514",2012-09-30,"Single-Awd.","Military
Health","YOUNG",-0.0234617945937597
"515",2012-09-30,"Single-Awd.","Military
Health","CARTER",0.348719440778499
"516",2012-09-30,"Single-Awd.","Military
Health","KENDALL",0.051605781536402
"517",2012-09-30,"Single-Awd.","Additional
DoD
Components","YOUNG",0.201796379116466
"518",2012-09-30,"Single-Awd.","Additional
DoD
Components","CARTER",2.00925893607188
"519",2012-09-30,"Single-Awd.","Additional
DoD
Components","KENDALL",3.97588704630831
"520",2012-09-30,"Unlbd. IDV","Army","YOUNG",0.00400522561013284
"521",2012-09-30,"Unlbd. IDV","Army","CARTER",0.0274732838224694
"522",2012-09-30,"Unlbd. IDV","Army","KENDALL",0.00983970523118114
"523",2012-09-30,"Unlbd. IDV","Navy","YOUNG",0.00299466294923283
"524",2012-09-30,"Unlbd. IDV","Navy","CARTER",0.00122816110596231
"525",2012-09-30,"Unlbd. IDV","Navy","KENDALL",0.0197368263824529
"526",2012-09-30,"Unlbd. IDV","Air Force","YOUNG",7.67014416640923e-05
"527",2012-09-30,"Unlbd. IDV","Air Force","CARTER",-0.000492550386160025
"528",2012-09-30,"Unlbd. IDV","Air Force","KENDALL",0.189311055226032
"529",2012-09-30,"Unlbd. IDV","DLA","CARTER",0.000816721491092575
"530",2012-09-30,"Unlbd. IDV","DLA","KENDALL",0.00572424735866543
"531",2012-09-30,"Unlbd. IDV","Military
Health","CARTER",7.68962207805581e-05
"532",2012-09-30,"Unlbd. IDV","Military
Health","KENDALL",8.27341262485841e-05
"533",2012-09-30,"Unlbd. IDV","Additional
DoD
Components","CARTER",5.99235712079086e-05
"534",2012-09-30,"Unlbd. IDV","Additional
DoD
Components","KENDALL",0.0168091859437751
"535",2013-09-30,"BPA","Army","CARTER",0.0931928081762974
"536",2013-09-30,"BPA","Army","KENDALL",1.00386761979141
"537",2013-09-30,"BPA","Navy","CARTER",-0.00154756885132528
"538",2013-09-30,"BPA","Navy","KENDALL",0.269822451676551
"539",2013-09-30,"BPA","Air Force","CARTER",-0.000184121590433635
"540",2013-09-30,"BPA","Air Force","KENDALL",0.0908587542169189
"541",2013-09-30,"BPA","DLA","CARTER",0.0230360928000406
"542",2013-09-30,"BPA","DLA","KENDALL",0.257438450044176
"543",2013-09-30,"BPA","MDA","CARTER",0
"544",2013-09-30,"BPA","Military
Health","CARTER",0
"545",2013-09-30,"BPA","Military
Health","KENDALL",2.9441495074642e-05
"546",2013-09-30,"BPA","Additional
DoD
Components","CARTER",0.062519573928303
"547",2013-09-30,"BPA","Additional
DoD
Components","KENDALL",0.347464958941302
"548",2013-09-30,"Definitive","Army","YOUNG",2.43114873403636
"549",2013-09-30,"Definitive","Army","CARTER",9.13255799561897
"550",2013-09-30,"Definitive","Army","KENDALL",26.2548024800292
"551",2013-09-30,"Definitive","Navy","YOUNG",8.6467573421698
"552",2013-09-30,"Definitive","Navy","CARTER",18.5986462522629
"553",2013-09-30,"Definitive","Navy","KENDALL",28.5575879933242
"554",2013-09-30,"Definitive","Air Force","YOUNG",3.71131763439636
"555",2013-09-30,"Definitive","Air Force","CARTER",5.58407012545303
"556",2013-09-30,"Definitive","Air Force","KENDALL",15.5488448078499
"557",2013-09-30,"Definitive","DLA","YOUNG",0.289284349020615
"558",2013-09-30,"Definitive","DLA","CARTER",0.169918632250228
"559",2013-09-30,"Definitive","DLA","KENDALL",1.82701979753082
"560",2013-09-30,"Definitive","MDA","YOUNG",0.0038505664092617
"561",2013-09-30,"Definitive","MDA","CARTER",1.07216225151346
"562",2013-09-30,"Definitive","MDA","KENDALL",1.58588275047608
"563",2013-09-30,"Definitive","Military
Health","YOUNG",1.89574241405382
"564",2013-09-30,"Definitive","Military
Health","CARTER",6.80706010344074
"565",2013-09-30,"Definitive","Military
Health","KENDALL",1.10231579759785
"566",2013-09-30,"Definitive","Additional
DoD
Components","YOUNG",0.153365153344267
"567",2013-09-30,"Definitive","Additional
DoD
Components","CARTER",0.732247578503605
"568",2013-09-30,"Definitive","Additional
DoD
Components","KENDALL",1.62151366234447
"569",2013-09-30,"FSS","Army","YOUNG",0.0197867474051996
"570",2013-09-30,"FSS","Army","CARTER",0.503180606801869
"571",2013-09-30,"FSS","Army","KENDALL",1.26900886316543
"572",2013-09-30,"FSS","Navy","YOUNG",0.0154932681131309
"573",2013-09-30,"FSS","Navy","CARTER",0.142674007653397
"574",2013-09-30,"FSS","Navy","KENDALL",0.876676293162689
"575",2013-09-30,"FSS","Air Force","YOUNG",0.0364980793981923
"576",2013-09-30,"FSS","Air Force","CARTER",0.192960906108256
"577",2013-09-30,"FSS","Air Force","KENDALL",0.590753926688636
"578",2013-09-30,"FSS","DLA","YOUNG",0.0112037339994922
"579",2013-09-30,"FSS","DLA","CARTER",0.0396669534651163
"580",2013-09-30,"FSS","DLA","KENDALL",0.182011534569717
"581",2013-09-30,"FSS","MDA","YOUNG",-0.00037063827967909
"582",2013-09-30,"FSS","MDA","CARTER",0.00647493320300599
"583",2013-09-30,"FSS","MDA","KENDALL",0.0139989352934904
"584",2013-09-30,"FSS","Military
Health","YOUNG",0.0023983584670458
"585",2013-09-30,"FSS","Military
Health","CARTER",0.00475369948116177
"586",2013-09-30,"FSS","Military
Health","KENDALL",0.0687501311104905
"587",2013-09-30,"FSS","Additional
DoD
Components","YOUNG",0.0794675806730984
"588",2013-09-30,"FSS","Additional
DoD
Components","CARTER",0.513953777359196
"589",2013-09-30,"FSS","Additional
DoD
Components","KENDALL",0.73745700266406
"590",2013-09-30,"Multi-Awd.","Army","YOUNG",0.39454632435818
"591",2013-09-30,"Multi-Awd.","Army","CARTER",8.29411974007921
"592",2013-09-30,"Multi-Awd.","Army","KENDALL",11.0457438668178
"593",2013-09-30,"Multi-Awd.","Navy","YOUNG",0.750839579400833
"594",2013-09-30,"Multi-Awd.","Navy","CARTER",2.83786181327755
"595",2013-09-30,"Multi-Awd.","Navy","KENDALL",6.77119033231004
"596",2013-09-30,"Multi-Awd.","Air Force","YOUNG",0.0157478438093836
"597",2013-09-30,"Multi-Awd.","Air Force","CARTER",0.645651621075048
"598",2013-09-30,"Multi-Awd.","Air Force","KENDALL",3.79913111002661
"599",2013-09-30,"Multi-Awd.","DLA","YOUNG",0.0187156806155174
"600",2013-09-30,"Multi-Awd.","DLA","CARTER",0.0978088301344572
"601",2013-09-30,"Multi-Awd.","DLA","KENDALL",1.08595457090911
"602",2013-09-30,"Multi-Awd.","MDA","YOUNG",0
"603",2013-09-30,"Multi-Awd.","MDA","CARTER",0.318221837436275
"604",2013-09-30,"Multi-Awd.","MDA","KENDALL",0.0839706051091703
"605",2013-09-30,"Multi-Awd.","Military
Health","YOUNG",0.000428750571239972
"606",2013-09-30,"Multi-Awd.","Military
Health","CARTER",0
"607",2013-09-30,"Multi-Awd.","Military
Health","KENDALL",0.107226894500152
"608",2013-09-30,"Multi-Awd.","Additional
DoD
Components","YOUNG",0.0525746012384483
"609",2013-09-30,"Multi-Awd.","Additional
DoD
Components","CARTER",1.37177807248441
"610",2013-09-30,"Multi-Awd.","Additional
DoD
Components","KENDALL",5.31819695210663
"611",2013-09-30,"Other IDV","Army","YOUNG",-0.000208076854676551
"612",2013-09-30,"Other IDV","Army","CARTER",0.0313620950191937
"613",2013-09-30,"Other IDV","Army","KENDALL",0.848248239137199
"614",2013-09-30,"Other IDV","Navy","YOUNG",0.0053748138519346
"615",2013-09-30,"Other IDV","Navy","CARTER",0.0659538484595308
"616",2013-09-30,"Other IDV","Navy","KENDALL",2.57717669233797
"617",2013-09-30,"Other IDV","Air Force","YOUNG",-0.000968812409972581
"618",2013-09-30,"Other IDV","Air Force","CARTER",0.128349596673708
"619",2013-09-30,"Other IDV","Air Force","KENDALL",3.73612001761044
"620",2013-09-30,"Other IDV","DLA","CARTER",0.00081356971036864
"621",2013-09-30,"Other IDV","DLA","KENDALL",1.0005587661372
"622",2013-09-30,"Other IDV","Military
Health","KENDALL",0.0610832699871027
"623",2013-09-30,"Other IDV","Additional
DoD
Components","YOUNG",0.0257354453208084
"624",2013-09-30,"Other IDV","Additional
DoD
Components","CARTER",0.153040885322839
"625",2013-09-30,"Other IDV","Additional
DoD
Components","KENDALL",0.73596645136864
"626",2013-09-30,"Pur. Order","Army","YOUNG",0.0271967862808977
"627",2013-09-30,"Pur. Order","Army","CARTER",0.245450204335026
"628",2013-09-30,"Pur. Order","Army","KENDALL",1.56130825682604
"629",2013-09-30,"Pur. Order","Navy","YOUNG",-0.00351280266040418
"630",2013-09-30,"Pur. Order","Navy","CARTER",0.0607273367370773
"631",2013-09-30,"Pur. Order","Navy","KENDALL",1.29236565124738
"632",2013-09-30,"Pur. Order","Air Force","YOUNG",0.00550867824068244
"633",2013-09-30,"Pur. Order","Air Force","CARTER",0.0630232744796385
"634",2013-09-30,"Pur. Order","Air Force","KENDALL",0.527887764111608
"635",2013-09-30,"Pur. Order","DLA","YOUNG",-0.000749282909109373
"636",2013-09-30,"Pur. Order","DLA","CARTER",-0.00894513477627704
"637",2013-09-30,"Pur. Order","DLA","KENDALL",3.15352220314685
"638",2013-09-30,"Pur. Order","MDA","YOUNG",-3.26856199857825e-05
"639",2013-09-30,"Pur. Order","MDA","CARTER",6.5764192139738e-05
"640",2013-09-30,"Pur. Order","MDA","KENDALL",0.000172326840865238
"641",2013-09-30,"Pur. Order","Military
Health","YOUNG",5.46852640398091e-05
"642",2013-09-30,"Pur. Order","Military
Health","CARTER",0.00158919522768356
"643",2013-09-30,"Pur. Order","Military
Health","KENDALL",0.010307905080329
"644",2013-09-30,"Pur. Order","Additional
DoD
Components","YOUNG",0.000546744185132528
"645",2013-09-30,"Pur. Order","Additional
DoD
Components","CARTER",0.0263278877798314
"646",2013-09-30,"Pur. Order","Additional
DoD
Components","KENDALL",0.528983208743374
"647",2013-09-30,"Single-Awd.","Army","YOUNG",0.309894685929623
"648",2013-09-30,"Single-Awd.","Army","CARTER",1.34103150653559
"649",2013-09-30,"Single-Awd.","Army","KENDALL",21.7177007961268
"650",2013-09-30,"Single-Awd.","Navy","YOUNG",0.0263876729715649
"651",2013-09-30,"Single-Awd.","Navy","CARTER",0.713671866612877
"652",2013-09-30,"Single-Awd.","Navy","KENDALL",14.5089030499981
"653",2013-09-30,"Single-Awd.","Air Force","YOUNG",0.0775253884329237
"654",2013-09-30,"Single-Awd.","Air Force","CARTER",2.808030770791
"655",2013-09-30,"Single-Awd.","Air Force","KENDALL",13.9464086538945
"656",2013-09-30,"Single-Awd.","DLA","YOUNG",0.00462143722128567
"657",2013-09-30,"Single-Awd.","DLA","CARTER",1.14398707797837
"658",2013-09-30,"Single-Awd.","DLA","KENDALL",24.1112963176811
"659",2013-09-30,"Single-Awd.","MDA","YOUNG",0.116394468574287
"660",2013-09-30,"Single-Awd.","MDA","CARTER",0.283985792917031
"661",2013-09-30,"Single-Awd.","MDA","KENDALL",1.14719411975678
"662",2013-09-30,"Single-Awd.","Military
Health","YOUNG",4.42774449070783e-07
"663",2013-09-30,"Single-Awd.","Military
Health","CARTER",0.00180372092495176
"664",2013-09-30,"Single-Awd.","Military
Health","KENDALL",0.388092287233371
"665",2013-09-30,"Single-Awd.","Additional
DoD
Components","YOUNG",-0.0856581071836092
"666",2013-09-30,"Single-Awd.","Additional
DoD
Components","CARTER",0.400538829973088
"667",2013-09-30,"Single-Awd.","Additional
DoD
Components","KENDALL",4.53571609995227
"668",2013-09-30,"Unlbd. IDV","Army","YOUNG",0.000272313912562202
"669",2013-09-30,"Unlbd. IDV","Army","CARTER",0.00661011588615822
"670",2013-09-30,"Unlbd. IDV","Army","KENDALL",0.0135493541646187
"671",2013-09-30,"Unlbd. IDV","Navy","YOUNG",0.00158574157713009
"672",2013-09-30,"Unlbd. IDV","Navy","CARTER",0.000538989570325988
"673",2013-09-30,"Unlbd. IDV","Navy","KENDALL",0.0215256643092312
"674",2013-09-30,"Unlbd. IDV","Air Force","YOUNG",7.29724484614603e-05
"675",2013-09-30,"Unlbd. IDV","Air Force","CARTER",-0.000295038306184625
"676",2013-09-30,"Unlbd. IDV","Air Force","KENDALL",0.156539377371788
"677",2013-09-30,"Unlbd. IDV","DLA","KENDALL",0.775330784871839
"678",2013-09-30,"Unlbd. IDV","Military
Health","CARTER",7.80610132019904e-05
"679",2013-09-30,"Unlbd. IDV","Military
Health","KENDALL",1.90914694830913e-05
"680",2013-09-30,"Unlbd. IDV","Additional
DoD
Components","CARTER",6.38578653396974e-05
"681",2013-09-30,"Unlbd. IDV","Additional
DoD
Components","KENDALL",0.0097294827067127
"682",2014-09-30,"BPA","Army","CARTER",0.0705789561084
"683",2014-09-30,"BPA","Army","KENDALL",0.7145131482344
"684",2014-09-30,"BPA","Navy","CARTER",0.0001179730115
"685",2014-09-30,"BPA","Navy","KENDALL",0.3498724859626
"686",2014-09-30,"BPA","Air Force","CARTER",-0.0006053990099
"687",2014-09-30,"BPA","Air Force","KENDALL",0.2911462867225
"688",2014-09-30,"BPA","DLA","YOUNG",-4.2539102e-06
"689",2014-09-30,"BPA","DLA","CARTER",-0.0001718321789
"690",2014-09-30,"BPA","DLA","KENDALL",0.3415506116359
"691",2014-09-30,"BPA","Military
Health","KENDALL",0.0028996189954
"692",2014-09-30,"BPA","Additional
DoD
Components","CARTER",0.0579431846387
"693",2014-09-30,"BPA","Additional
DoD
Components","KENDALL",0.5348987537613
"694",2014-09-30,"Definitive","Army","YOUNG",1.713080779387
"695",2014-09-30,"Definitive","Army","CARTER",4.3973000796979
"696",2014-09-30,"Definitive","Army","KENDALL",28.352794891892
"697",2014-09-30,"Definitive","Navy","YOUNG",5.3162740755393
"698",2014-09-30,"Definitive","Navy","CARTER",9.0131904698694
"699",2014-09-30,"Definitive","Navy","KENDALL",34.2454241984854
"700",2014-09-30,"Definitive","Air Force","YOUNG",2.9310045818161
"701",2014-09-30,"Definitive","Air Force","CARTER",5.8844736067407
"702",2014-09-30,"Definitive","Air Force","KENDALL",17.1096170271369
"703",2014-09-30,"Definitive","DLA","YOUNG",0.1645021329127
"704",2014-09-30,"Definitive","DLA","CARTER",0.1695061543345
"705",2014-09-30,"Definitive","DLA","KENDALL",2.0546661731624
"706",2014-09-30,"Definitive","MDA","YOUNG",-0.0002100923149
"707",2014-09-30,"Definitive","MDA","CARTER",0.8254037389948
"708",2014-09-30,"Definitive","MDA","KENDALL",2.0067822198419
"709",2014-09-30,"Definitive","Military
Health","YOUNG",0.7671680254485
"710",2014-09-30,"Definitive","Military
Health","CARTER",6.9686258148549
"711",2014-09-30,"Definitive","Military
Health","KENDALL",4.5533667465294
"712",2014-09-30,"Definitive","Additional
DoD
Components","YOUNG",-0.0476063930911
"713",2014-09-30,"Definitive","Additional
DoD
Components","CARTER",0.5559815553235
"714",2014-09-30,"Definitive","Additional
DoD
Components","KENDALL",2.0031976759244
"715",2014-09-30,"FSS","Army","YOUNG",-0.00562843203
"716",2014-09-30,"FSS","Army","CARTER",0.2663359995225
"717",2014-09-30,"FSS","Army","KENDALL",1.2203469898871
"718",2014-09-30,"FSS","Navy","YOUNG",-0.0018307989933
"719",2014-09-30,"FSS","Navy","CARTER",0.0749708741984
"720",2014-09-30,"FSS","Navy","KENDALL",0.8333532746545
"721",2014-09-30,"FSS","Air Force","YOUNG",0.0054797646303
"722",2014-09-30,"FSS","Air Force","CARTER",0.0940551710831
"723",2014-09-30,"FSS","Air Force","KENDALL",0.8558480331089
"724",2014-09-30,"FSS","DLA","YOUNG",0.000174342558
"725",2014-09-30,"FSS","DLA","CARTER",0.0276020384539
"726",2014-09-30,"FSS","DLA","KENDALL",0.190978878546
"727",2014-09-30,"FSS","MDA","YOUNG",-0.0002993068981
"728",2014-09-30,"FSS","MDA","CARTER",0.0069143656414
"729",2014-09-30,"FSS","MDA","KENDALL",0.0139786467688
"730",2014-09-30,"FSS","Military
Health","YOUNG",0.001284
"731",2014-09-30,"FSS","Military
Health","CARTER",0.0049379978703
"732",2014-09-30,"FSS","Military
Health","KENDALL",0.0998191290102
"733",2014-09-30,"FSS","Additional
DoD
Components","YOUNG",0.0167323104786
"734",2014-09-30,"FSS","Additional
DoD
Components","CARTER",0.3757648196293
"735",2014-09-30,"FSS","Additional
DoD
Components","KENDALL",0.829143771548
"736",2014-09-30,"Multi-Awd.","Army","YOUNG",0.1168203632157
"737",2014-09-30,"Multi-Awd.","Army","CARTER",2.575283671127
"738",2014-09-30,"Multi-Awd.","Army","KENDALL",12.258803165747
"739",2014-09-30,"Multi-Awd.","Navy","YOUNG",0.2910952861883
"740",2014-09-30,"Multi-Awd.","Navy","CARTER",2.1820855243222
"741",2014-09-30,"Multi-Awd.","Navy","KENDALL",9.5428021311692
"742",2014-09-30,"Multi-Awd.","Air Force","YOUNG",0.006939221444
"743",2014-09-30,"Multi-Awd.","Air Force","CARTER",0.3403422066925
"744",2014-09-30,"Multi-Awd.","Air Force","KENDALL",4.1886806065946
"745",2014-09-30,"Multi-Awd.","DLA","YOUNG",-0.0007231542273
"746",2014-09-30,"Multi-Awd.","DLA","CARTER",0.0045372979593
"747",2014-09-30,"Multi-Awd.","DLA","KENDALL",0.6206128944651
"748",2014-09-30,"Multi-Awd.","MDA","CARTER",0.2315345235308
"749",2014-09-30,"Multi-Awd.","MDA","KENDALL",0.2020317029792
"750",2014-09-30,"Multi-Awd.","Military
Health","YOUNG",0
"751",2014-09-30,"Multi-Awd.","Military
Health","KENDALL",0.0578291018167
"752",2014-09-30,"Multi-Awd.","Additional
DoD
Components","YOUNG",-0.0427286626882
"753",2014-09-30,"Multi-Awd.","Additional
DoD
Components","CARTER",0.9849456555891
"754",2014-09-30,"Multi-Awd.","Additional
DoD
Components","KENDALL",4.4633514322091
"755",2014-09-30,"Other IDV","Army","YOUNG",-7.13717911e-05
"756",2014-09-30,"Other IDV","Army","CARTER",0.01408032532
"757",2014-09-30,"Other IDV","Army","KENDALL",0.95825962518
"758",2014-09-30,"Other IDV","Navy","YOUNG",-2.93798906e-05
"759",2014-09-30,"Other IDV","Navy","CARTER",0.0373334005515
"760",2014-09-30,"Other IDV","Navy","KENDALL",3.0529955395268
"761",2014-09-30,"Other IDV","Air Force","YOUNG",-9.104723e-05
"762",2014-09-30,"Other IDV","Air Force","CARTER",0.0805458504979
"763",2014-09-30,"Other IDV","Air Force","KENDALL",3.5847534591835
"764",2014-09-30,"Other IDV","DLA","YOUNG",-6e-11
"765",2014-09-30,"Other IDV","DLA","CARTER",-1.15920995e-05
"766",2014-09-30,"Other IDV","DLA","KENDALL",1.3829924956815
"767",2014-09-30,"Other IDV","Military
Health","KENDALL",0.1003332835192
"768",2014-09-30,"Other IDV","Additional
DoD
Components","YOUNG",0.0066651069292
"769",2014-09-30,"Other IDV","Additional
DoD
Components","CARTER",0.0991317374801
"770",2014-09-30,"Other IDV","Additional
DoD
Components","KENDALL",1.0679201187704
"771",2014-09-30,"Pur. Order","Army","YOUNG",-0.003335532364
"772",2014-09-30,"Pur. Order","Army","CARTER",0.1281031797167
"773",2014-09-30,"Pur. Order","Army","KENDALL",1.8491100944626
"774",2014-09-30,"Pur. Order","Navy","YOUNG",-0.0025099395421
"775",2014-09-30,"Pur. Order","Navy","CARTER",0.0267331278266
"776",2014-09-30,"Pur. Order","Navy","KENDALL",1.4968934237008
"777",2014-09-30,"Pur. Order","Air Force","YOUNG",-0.000754287212
"778",2014-09-30,"Pur. Order","Air Force","CARTER",0.0430388550907
"779",2014-09-30,"Pur. Order","Air Force","KENDALL",0.6636823173057
"780",2014-09-30,"Pur. Order","DLA","YOUNG",-0.0003727210612
"781",2014-09-30,"Pur. Order","DLA","CARTER",-0.003760304636
"782",2014-09-30,"Pur. Order","DLA","KENDALL",3.2312684039755
"783",2014-09-30,"Pur. Order","MDA","CARTER",-1.34e-05
"784",2014-09-30,"Pur. Order","MDA","KENDALL",0.0002210298008
"785",2014-09-30,"Pur. Order","Military
Health","CARTER",0.0003052683604
"786",2014-09-30,"Pur. Order","Military
Health","KENDALL",0.0155542756445
"787",2014-09-30,"Pur. Order","Additional
DoD
Components","YOUNG",-0.0007828917417
"788",2014-09-30,"Pur. Order","Additional
DoD
Components","CARTER",0.0164565162179
"789",2014-09-30,"Pur. Order","Additional
DoD
Components","KENDALL",0.542896901904
"790",2014-09-30,"Single-Awd.","Army","YOUNG",-0.1307519848314
"791",2014-09-30,"Single-Awd.","Army","CARTER",0.7931256383567
"792",2014-09-30,"Single-Awd.","Army","KENDALL",19.0628571999573
"793",2014-09-30,"Single-Awd.","Navy","YOUNG",-0.0185773426978
"794",2014-09-30,"Single-Awd.","Navy","CARTER",0.1921293473772
"795",2014-09-30,"Single-Awd.","Navy","KENDALL",14.011706531904
"796",2014-09-30,"Single-Awd.","Air Force","YOUNG",-0.0041584062674
"797",2014-09-30,"Single-Awd.","Air Force","CARTER",2.1026216212519
"798",2014-09-30,"Single-Awd.","Air Force","KENDALL",14.1626590630615
"799",2014-09-30,"Single-Awd.","DLA","YOUNG",-0.0018545346798
"800",2014-09-30,"Single-Awd.","DLA","CARTER",0.4794556855448
"801",2014-09-30,"Single-Awd.","DLA","KENDALL",21.7501851734163
"802",2014-09-30,"Single-Awd.","MDA","YOUNG",0.0513594812254
"803",2014-09-30,"Single-Awd.","MDA","CARTER",0.1751537991506
"804",2014-09-30,"Single-Awd.","MDA","KENDALL",1.6058426160085
"805",2014-09-30,"Single-Awd.","Military
Health","YOUNG",-0.0004171221813
"806",2014-09-30,"Single-Awd.","Military
Health","CARTER",0.0031917663
"807",2014-09-30,"Single-Awd.","Military
Health","KENDALL",0.4973652880172
"808",2014-09-30,"Single-Awd.","Additional
DoD
Components","YOUNG",-0.1897649506417
"809",2014-09-30,"Single-Awd.","Additional
DoD
Components","CARTER",0.2195177119261
"810",2014-09-30,"Single-Awd.","Additional
DoD
Components","KENDALL",5.029833378856
"811",2014-09-30,"Unlbd. IDV","Army","YOUNG",-0.0006242513819
"812",2014-09-30,"Unlbd. IDV","Army","CARTER",0.0043031640584
"813",2014-09-30,"Unlbd. IDV","Army","KENDALL",0.0121818636919
"814",2014-09-30,"Unlbd. IDV","Navy","YOUNG",0.00172001337
"815",2014-09-30,"Unlbd. IDV","Navy","CARTER",-6.66797552e-05
"816",2014-09-30,"Unlbd. IDV","Navy","KENDALL",0.0702469167224
"817",2014-09-30,"Unlbd. IDV","Air Force","CARTER",-0.0001305696341
"818",2014-09-30,"Unlbd. IDV","Air Force","KENDALL",0.1353077142149
"819",2014-09-30,"Unlbd. IDV","DLA","CARTER",-1.39738203e-05
"820",2014-09-30,"Unlbd. IDV","DLA","KENDALL",1.3939494834934
"821",2014-09-30,"Unlbd. IDV","MDA","KENDALL",0.159582669
"822",2014-09-30,"Unlbd. IDV","Military
Health","CARTER",7.91076797e-05
"823",2014-09-30,"Unlbd. IDV","Military
Health","KENDALL",2.25e-05
"824",2014-09-30,"Unlbd. IDV","Additional
DoD
Components","YOUNG",-5.6588e-06
"825",2014-09-30,"Unlbd. IDV","Additional
DoD
Components","CARTER",2.952759e-05
"826",2014-09-30,"Unlbd. IDV","Additional
DoD
Components","KENDALL",0.0120142396424
